item,time_ms,fps,detections
0000006_00159_d_0000001_jpg.rf.e0d57c76076406416e9ce763b4079902.jpg,291.6810,3.4284,2
0000006_00611_d_0000002_jpg.rf.94e9b92284fafc2359108f5a4f3b218c.jpg,289.7470,3.4513,4
0000006_01111_d_0000003_jpg.rf.86a74514da8b77bd151324ef3439d04a.jpg,290.0850,3.4473,6
0000006_01275_d_0000004_jpg.rf.4b7f4c44ec79163b970f0126ccfd8dc4.jpg,291.2280,3.4337,2
0000006_03636_d_0000009_jpg.rf.5e6ba630ea09765ead42cd3b77de5f02.jpg,290.0270,3.4480,0
0000006_04309_d_0000011_jpg.rf.cb3657fe1b18d0103823e87a08a5772e.jpg,290.1720,3.4462,0
0000006_05168_d_0000013_jpg.rf.1a5175d28a52bee8daafdd2c63fb5579.jpg,290.1030,3.4471,1
0000006_07596_d_0000020_jpg.rf.ca1141dff1262fea621b416a184d14d5.jpg,290.3460,3.4442,0
0000011_00234_d_0000001_jpg.rf.79d6093d2bd063c5213d855e47f82983.jpg,288.9940,3.4603,34
0000011_01350_d_0000003_jpg.rf.2ab1589387a19e561ac3602da4caf49d.jpg,290.7940,3.4389,20
0000011_01955_d_0000004_jpg.rf.1658cf365c7b06139a04f1bc2fe71c1c.jpg,290.2960,3.4448,28
0000011_02800_d_0000005_jpg.rf.e177487351b8d1170be969b5154ae55d.jpg,289.7770,3.4509,19
0000011_04202_d_0000007_jpg.rf.5561b80bf85d12d010b5f5ec5cbc5a39.jpg,289.9840,3.4485,8
0000011_05068_d_0000008_jpg.rf.5ec886373d02941a4081130fdefacce0.jpg,290.9630,3.4369,24
0000011_06000_d_0000009_jpg.rf.2137abdca499d6219e992b957aca7b68.jpg,289.9890,3.4484,19
0000011_06595_d_0000010_jpg.rf.f90172abef4db92c62fdf36a74fc23d4.jpg,290.2300,3.4455,14
0000011_07307_d_0000011_jpg.rf.83df757ecfbc49adf5333dec6a4772e8.jpg,291.6800,3.4284,33
0000011_08299_d_0000012_jpg.rf.353f4c6172d61864de40a18a399f03ee.jpg,290.7420,3.4395,14
0000054_00786_d_0000001_jpg.rf.856e07e2f69f2f27588463d03b3ff172.jpg,289.3160,3.4564,35
0000063_00500_d_0000001_jpg.rf.adb56f10c29841073cb083d6666abb6c.jpg,290.0110,3.4481,58
0000063_02235_d_0000003_jpg.rf.a26ce7ed7c066138654f2ff626b87e1b.jpg,292.9340,3.4137,41
0000063_03139_d_0000004_jpg.rf.4e5e3c94b71e7999458d94316d9e988f.jpg,290.4110,3.4434,24
0000063_04000_d_0000005_jpg.rf.fff2cec101f7bc9e9687ed6832c7ca01.jpg,290.1900,3.4460,45
0000063_05000_d_0000006_jpg.rf.1f137a750eb8b3df82950d7686652572.jpg,292.0030,3.4246,25
0000063_06000_d_0000007_jpg.rf.dbc7d33abd37baf55d5fdb4571b1f150.jpg,290.2500,3.4453,19
0000063_07000_d_0000008_jpg.rf.3ea725b50df586beada2c32ae04bd265.jpg,290.5160,3.4422,52
0000063_08000_d_0000009_jpg.rf.3ec4d72116e00060b1675f4139e37236.jpg,291.3680,3.4321,44
0000063_08995_d_0000010_jpg.rf.7053995f2a69baf0ee3b3c512f270df2.jpg,290.0110,3.4481,42
0000063_10000_d_0000011_jpg.rf.85e85c93f45f699f9cfc696c68ea21bd.jpg,290.1590,3.4464,40
0000063_11000_d_0000012_jpg.rf.01dd70752a639be011359d6fcdb4d67a.jpg,290.1840,3.4461,44
0000063_11817_d_0000013_jpg.rf.b321afd569706b7f4c1ccb5dcc18add1.jpg,291.5640,3.4298,43
0000063_12500_d_0000014_jpg.rf.a0fc8b1bfa8d2bb489479b1fef2a2a60.jpg,289.8350,3.4502,54
0000066_01097_d_0000002_jpg.rf.cf18f2c01f6588d67dceb5662eae33c3.jpg,289.4570,3.4547,62
0000073_00377_d_0000001_jpg.rf.7496c73c9e29dcf1b80c7d93e0253c67.jpg,292.0300,3.4243,23
0000073_01275_d_0000002_jpg.rf.0d92ceb23b442b0518b3c54d24826b9c.jpg,291.1980,3.4341,32
0000073_03155_d_0000004_jpg.rf.35f96fbbc07d911bd0bf98d6568237c7.jpg,289.9600,3.4488,31
0000073_04009_d_0000005_jpg.rf.dbf2b22cb1e5642593d1293ea99e806b.jpg,289.6390,3.4526,26
0000073_05010_d_0000006_jpg.rf.762a575273aa59681f1276b9646c5272.jpg,291.3260,3.4326,25
0000073_05999_d_0000007_jpg.rf.6e22d0e3025108a78ff7eb99fd3ef0c9.jpg,290.0100,3.4482,30
0000074_01218_d_0000002_jpg.rf.d3b5a0b19d1c1e1cb170fc0e5fa06f7f.jpg,289.5500,3.4536,32
0000074_02723_d_0000005_jpg.rf.9d4d03a5405b01090787e4cbbb9696a0.jpg,292.0840,3.4237,29
0000074_03738_d_0000007_jpg.rf.ab1d837c2c57886b6b1e5273c88454b1.jpg,289.7870,3.4508,32
0000074_05715_d_0000011_jpg.rf.7f9229d1ae6a093a15aa98a39082871c.jpg,289.3660,3.4558,22
0000074_06746_d_0000013_jpg.rf.dfc46729360565466d9f983ec9d7ee9d.jpg,290.3430,3.4442,16
0000074_07297_d_0000014_jpg.rf.1bd66e4ef1fcf21082eff3a2005454a4.jpg,289.0950,3.4591,32
0000074_07850_d_0000015_jpg.rf.6cf12fc2351918f0c0b9ada222f8fc24.jpg,289.2660,3.4570,31
0000074_08202_d_0000016_jpg.rf.9030ae8acb5e5ee9046d92aaaa81781b.jpg,289.1810,3.4580,38
0000074_08777_d_0000017_jpg.rf.9aea82291cf35f8709857e8bafe28c1a.jpg,290.8840,3.4378,28
0000074_09738_d_0000019_jpg.rf.7868a16618c4a58fd2f46f1d137bc8ed.jpg,289.7460,3.4513,37
0000074_10218_d_0000020_jpg.rf.778d2fe14ae2a47cd70dd88792490af9.jpg,289.3360,3.4562,30
0000074_10730_d_0000021_jpg.rf.584528c98398e0115078231baa1ed5d2.jpg,290.6670,3.4404,35
0000074_11362_d_0000022_jpg.rf.0696e3a7a3d0cb6b5e506a14573f6076.jpg,289.4490,3.4548,28
0000074_11827_d_0000023_jpg.rf.6e4fe6004ebcc1b4d2a0e2fce72ad9d2.jpg,290.7170,3.4398,25
0000074_12322_d_0000024_jpg.rf.8df1bb4c4bd3c9bcde12f820d10fc8f0.jpg,289.7360,3.4514,24
0000074_13313_d_0000026_jpg.rf.a7b75c67c38f34f8ebf350ab3fc164fb.jpg,289.6030,3.4530,34
0000074_13875_d_0000027_jpg.rf.de1a73ec57ebe4e1d196d9b3e816af9d.jpg,289.4000,3.4554,32
0000074_14850_d_0000029_jpg.rf.0bc2c5c7d9a5d8d323ad0c3eb4ccc038.jpg,289.1330,3.4586,29
0000074_15298_d_0000030_jpg.rf.e64c8c8bbb3dbe4a67945f200372a709.jpg,290.8490,3.4382,27
0000074_15793_d_0000031_jpg.rf.f06d40643f32cda509a6c5e859729c4a.jpg,289.5620,3.4535,28
0000074_16210_d_0000032_jpg.rf.ebca26c48639da199c5c7747a19dc73e.jpg,289.3110,3.4565,23
0000078_00490_d_0000002_jpg.rf.173087f47d658634ad9c09805964561c.jpg,290.2070,3.4458,2
0000078_01314_d_0000004_jpg.rf.e868a0746a505bdef08fd3b737b95499.jpg,289.3600,3.4559,0
0000078_01938_d_0000006_jpg.rf.a0935440e5ff17b68ec111424b1be662.jpg,289.0300,3.4598,1
0000078_02778_d_0000008_jpg.rf.60feb50e3650a26c33baa0d51359d9ea.jpg,289.4020,3.4554,1
0000078_03171_d_0000009_jpg.rf.30195701712bb4b0e8484614780c9b1b.jpg,289.6310,3.4527,9
0000078_03315_d_0000010_jpg.rf.1e63a0b0c4cab2ddf6d5583218b05a5b.jpg,288.9790,3.4605,8
0000078_03810_d_0000011_jpg.rf.29a767c1e10dab1a7f04b02f0022f8ce.jpg,289.2500,3.4572,7
0000078_04210_d_0000012_jpg.rf.3d8a347cdad0b0d63361a03a130d771f.jpg,290.5850,3.4413,4
0000078_04546_d_0000013_jpg.rf.5b21016a82e80aaaa22875734db01775.jpg,289.0200,3.4600,2
0000078_06363_d_0000017_jpg.rf.14cca701098043c2b50cf0f6eb5f0ace.jpg,288.9810,3.4604,3
0000078_06586_d_0000019_jpg.rf.07946ffb48112f801013bbb4efc3142e.jpg,290.2780,3.4450,9
0000078_07266_d_0000021_jpg.rf.3844a004f816e19464b4d05b54f9b9fe.jpg,289.8730,3.4498,3
0000078_07819_d_0000023_jpg.rf.8142fe55a8189fe7129745abfbfacbf8.jpg,289.5890,3.4532,5
0000083_00803_d_0000003_jpg.rf.e4e7f96f35c5ff3515ff6d4c84777258.jpg,289.5920,3.4531,28
0000087_00009_d_0000001_jpg.rf.c902b03a5034ea86e9cb6d467d88834a.jpg,290.2200,3.4457,46
0000087_00299_d_0000002_jpg.rf.43d9902b012ad59f645d06e9f5689bc8.jpg,289.5950,3.4531,51
0000087_00700_d_0000003_jpg.rf.c713ff0128140aff63b17fbf3667db2c.jpg,289.2890,3.4568,40
0000087_01140_d_0000004_jpg.rf.14af92c71829a4bfed732575c8ee9dfd.jpg,290.5270,3.4420,40
0000087_01580_d_0000005_jpg.rf.96ad59d8991bd168daf18c9348a58215.jpg,289.8290,3.4503,37
0000105_01556_d_0000069_jpg.rf.695f69c42d5bd34ff2f8ed3bd9f81da3.jpg,289.4530,3.4548,7
0000105_01748_d_0000070_jpg.rf.379b61df7ed0c65e434eb4ab22f77b1d.jpg,289.1140,3.4588,1
0000105_02201_d_0000071_jpg.rf.b1000a5c55276c44d8c88e90e03a405d.jpg,290.0560,3.4476,1
0000105_02539_d_0000072_jpg.rf.8961f86ced0401b457e0e9d1acfe4594.jpg,288.5000,3.4662,4
0000105_02747_d_0000073_jpg.rf.38e14e1c1818cef8435dc74bf5423777.jpg,288.9800,3.4604,3
0000105_02931_d_0000074_jpg.rf.169ea5ee10f6b4bca08348f744b33bde.jpg,290.1310,3.4467,2
0000118_02327_d_0000076_jpg.rf.ec1e35e1390a11d8c0ba54f645a6832d.jpg,289.3290,3.4563,3
0000118_02632_d_0000077_jpg.rf.eb2093ba42b98872ea0057f06fbada1b.jpg,288.7260,3.4635,4
0000120_00559_d_0000092_jpg.rf.da16b27e9da81415d3da895aa08a52c6.jpg,289.9760,3.4486,24
0000120_01392_d_0000094_jpg.rf.02236b67c35e93f547330fa3508bf27b.jpg,291.0170,3.4362,10
0000120_01535_d_0000095_jpg.rf.45e18f266f5fbaac1e4b66a84efee969.jpg,289.3970,3.4555,1
0000120_02001_d_0000096_jpg.rf.6f16d4312375126d107bb8f645fdc570.jpg,289.3230,3.4563,35
0000120_02946_d_0000098_jpg.rf.2aa55670b0c63bac4560633ef9c1b50d.jpg,290.1930,3.4460,16
0000120_03922_d_0000100_jpg.rf.3aad168490284015b9b3df026813f641.jpg,289.2540,3.4572,21
0000120_04920_d_0000102_jpg.rf.04621d376bec943408d13b2d4cade556.jpg,289.0460,3.4597,47
0000120_05373_d_0000103_jpg.rf.ec5fda0861663b556457289dd14c25d3.jpg,291.0240,3.4361,18
0000120_06848_d_0000106_jpg.rf.9ae667d4eca803f78b018774b8fae692.jpg,289.6870,3.4520,16
0000120_07578_d_0000108_jpg.rf.f002a4f78fd13ed5376f9ad93f612650.jpg,289.5250,3.4539,9
0000127_00002_d_0000119_jpg.rf.bea1559deea047778c67f4bb105241f3.jpg,289.6500,3.4524,21
0000127_00265_d_0000120_jpg.rf.4c930fd77e2444db345e25ab78aa3fad.jpg,290.5210,3.4421,15
0000127_01002_d_0000123_jpg.rf.9b12b50b972270dcfecdacaca026c6e1.jpg,289.5700,3.4534,17
0000152_00100_d_0000145_jpg.rf.d55648539abf216fc7c98ee90abfa27c.jpg,289.5000,3.4542,3
0000152_00599_d_0000146_jpg.rf.33bb22dc82cbcc940b548dece90fbec6.jpg,290.5740,3.4415,3
0000152_02214_d_0000150_jpg.rf.fbf6d578891b4223346ed2585a9ef018.jpg,289.8970,3.4495,5
0000152_03226_d_0000153_jpg.rf.49dd0f734be2543a783011967158f73b.jpg,289.2360,3.4574,8
0000161_01584_d_0000158_jpg.rf.5dc9e34525cb870a6fc660ec97bb38bc.jpg,290.5200,3.4421,28
0000164_00078_d_0000159_jpg.rf.6510098e1b263edeaf6b309fee58e700.jpg,290.2160,3.4457,6
0000164_01068_d_0000162_jpg.rf.75503301fc99e414ad271330f9a2c29d.jpg,290.8680,3.4380,3
0000164_01302_d_0000163_jpg.rf.18a924cc22147340e945c0ea5a9083b5.jpg,288.9130,3.4612,4
0000164_01840_d_0000165_jpg.rf.732cd60b90c124a512af90fb76213630.jpg,290.3520,3.4441,1
0000183_00031_d_0000176_jpg.rf.47cfb6b1d933bd01990ab88ccd286039.jpg,289.4340,3.4550,25
0000183_00216_d_0000177_jpg.rf.8bf3e3d8fe7ba452aec3d6a2e9eac353.jpg,289.0680,3.4594,10
0000184_00512_d_0000182_jpg.rf.edf0eaa9b55a7a32b5e1bce60c3543a2.jpg,290.7220,3.4397,18
0000186_00901_d_0000187_jpg.rf.dcc2c629852ed8bb3ec0ff97003e9e34.jpg,289.7490,3.4513,10
0000186_01387_d_0000188_jpg.rf.c2bd518f2f897254508c74c7b91e545f.jpg,289.8170,3.4505,6
0000187_00024_d_0000189_jpg.rf.f91b5588b50a1e2cf08bad24d6d4bbba.jpg,289.5360,3.4538,3
0000187_00444_d_0000190_jpg.rf.2558895d6c37573e1b8254cde15696e5.jpg,289.9330,3.4491,2
0000187_00666_d_0000191_jpg.rf.478de5e725564bf57e7ee563bf1c5680.jpg,288.7810,3.4628,2
0000189_00297_d_0000198_jpg.rf.944b133ab4e81944e1601fef081c00e5.jpg,288.9480,3.4608,5
0000190_00023_d_0000201_jpg.rf.9a1b7aebb4911b8d0f41ba18900ea4de.jpg,289.9090,3.4494,11
0000190_00172_d_0000202_jpg.rf.17d715ed3d9db5aeeb927b1efe6a26a7.jpg,289.7790,3.4509,10
0000192_00522_d_0000213_jpg.rf.62334661af4eb94f72f731378000c20e.jpg,289.4710,3.4546,6
0000207_00000_d_0000001_jpg.rf.874880b6081c4cb926d6d25c4ca68762.jpg,290.2060,3.4458,6
0000207_00100_d_0000002_jpg.rf.a78477482b7878b1cad5c88d664133f6.jpg,289.5460,3.4537,5
0000207_00300_d_0000004_jpg.rf.0bb9178fcc09db7818146b50b8bd6057.jpg,289.7930,3.4507,1
0000207_00500_d_0000006_jpg.rf.d9fc7a15e831c7708cc6ed12cf926a8d.jpg,291.2200,3.4338,1
0000207_00600_d_0000007_jpg.rf.8f11e2e3dee052083720583f1e534198.jpg,290.6920,3.4401,1
0000207_00700_d_0000008_jpg.rf.be8a36b634c085c2797a00832427204c.jpg,289.5400,3.4538,1
0000250_02350_d_0000001_jpg.rf.bd09d86a46e4ae0825749662079226d7.jpg,289.5890,3.4532,1
0000259_00000_d_0000001_jpg.rf.2c7592571645a3c6189f90bda677fed8.jpg,290.9610,3.4369,5
0000259_00500_d_0000002_jpg.rf.ddff11f1b6fd9a899e439c58c3316628.jpg,289.4120,3.4553,9
0000259_01000_d_0000003_jpg.rf.449ab57074dae83a5bd72d643e12c5e5.jpg,288.7270,3.4635,10
0000259_02000_d_0000005_jpg.rf.4301ff09cab0e9eba6eea0de42e68127.jpg,288.9900,3.4603,2
0000259_02500_d_0000006_jpg.rf.e0bb8d942f838366a38ff6ff6fee1274.jpg,289.8580,3.4500,6
0000259_03000_d_0000007_jpg.rf.cfab9bf591191468308d0b561ba4cbdb.jpg,289.1160,3.4588,7
0000259_03500_d_0000008_jpg.rf.4ca2de348c4d92819b314d174817b9d9.jpg,289.3410,3.4561,4
0000265_00500_d_0000002_jpg.rf.5059bd84856f9d9f2ee16e33d409cb88.jpg,290.3270,3.4444,3
0000265_01500_d_0000004_jpg.rf.a2a3453e397f8997a5c7ec3a89f3a7c8.jpg,289.3370,3.4562,15
0000265_02000_d_0000005_jpg.rf.dee0bdf6be177d66a3c03262322bc4e1.jpg,289.7070,3.4518,10
0000265_03000_d_0000007_jpg.rf.88d67e9d436ca2089f4290123e04d481.jpg,290.3300,3.4444,19
0000265_03500_d_0000008_jpg.rf.81409d9b2db1d7ff8fbe00117c5bc411.jpg,290.2970,3.4447,7
0000265_04000_d_0000009_jpg.rf.1f6d164d8cfc827ab392f306370aa751.jpg,289.3860,3.4556,11
0000265_04500_d_0000010_jpg.rf.42e5de9d7f8f38a2d173c62a070b0138.jpg,289.7120,3.4517,17
0000265_05000_d_0000011_jpg.rf.d0aae1c45514e330483a2cd769487b3a.jpg,293.2360,3.4102,12
0000272_00000_d_0000001_jpg.rf.ba3ea4b7377490299381f7c06cacacb8.jpg,290.1750,3.4462,9
0000272_01500_d_0000004_jpg.rf.7cacc1624766cc699b514ddb0525bf3b.jpg,289.7120,3.4517,6
0000272_02000_d_0000005_jpg.rf.8af2364d7a700e9c85af13d2b1b56de1.jpg,291.2610,3.4333,2
0000272_02500_d_0000006_jpg.rf.7304de6dd563809676d35c547aff4b54.jpg,290.5480,3.4418,8
0000272_03500_d_0000008_jpg.rf.c77b2424e977412beef14526a90ae5aa.jpg,289.6530,3.4524,7
0000272_04000_d_0000009_jpg.rf.60d4da27cfb156a58f4825708e8f6e53.jpg,289.7310,3.4515,6
0000272_04500_d_0000010_jpg.rf.ceb040d10963fffc83208e7c85b07a63.jpg,291.0000,3.4364,15
0000272_05000_d_0000011_jpg.rf.6a20e910768f8d430010b4b5e733f258.jpg,290.0900,3.4472,9
0000272_05500_d_0000012_jpg.rf.e30b04e2f73959a0767021c818ae2357.jpg,290.2280,3.4456,11
0000278_02251_d_0000001_jpg.rf.ec0a00447bbcf4b8379d0269236c2b38.jpg,290.8320,3.4384,3
0000278_02351_d_0000002_jpg.rf.d85185e74eaeabe2f1ca1b48bd7b9639.jpg,290.2360,3.4455,4
0000278_02451_d_0000003_jpg.rf.42e825d73916907affba1e43ead38341.jpg,289.8820,3.4497,3
0000278_02951_d_0000008_jpg.rf.05d58950c03d22e773c5ac98cff9e489.jpg,290.6190,3.4409,6
0000294_00000_d_0000053_jpg.rf.a6be1b9528d2ef102c771597904077e3.jpg,290.5900,3.4413,18
0000298_00000_d_0000070_jpg.rf.086619e08f86cc0c46622f7382eb8472.jpg,289.8020,3.4506,8
0000299_00000_d_0000088_jpg.rf.9a8a9f11693a91403caad04d1d4b7d56.jpg,289.9900,3.4484,12
0000299_01200_d_0000096_jpg.rf.35fadb6f460559d4a2561b498f8c22d7.jpg,290.5140,3.4422,5
0000299_01650_d_0000099_jpg.rf.66841c7b5476a882c084a874ea6d4f2a.jpg,291.5730,3.4297,1
0000299_01800_d_0000100_jpg.rf.df6e96e80f233a0c01e2a1e6fd399693.jpg,289.2640,3.4570,3
0000299_02500_d_0000102_jpg.rf.3a398b1f33285dbff18bb89207bfbac3.jpg,290.6120,3.4410,3
0000299_03500_d_0000104_jpg.rf.d1f22cd4213e5bfd141d74bc0203e194.jpg,289.8830,3.4497,1
0000299_04000_d_0000105_jpg.rf.0041a0f93941eb1657d2cf6e666958dc.jpg,289.7060,3.4518,4
0000299_04500_d_0000106_jpg.rf.abe3b4a8dc20371d4e4c8fcef25961cd.jpg,289.0350,3.4598,2
0000299_05000_d_0000107_jpg.rf.523c0e04a145d83fc75b3d5a82cc7897.jpg,289.0830,3.4592,8
0000299_05500_d_0000108_jpg.rf.30e1395a51eb48123e1457a2d1dded21.jpg,289.0600,3.4595,15
0000310_02500_d_0000123_jpg.rf.53045a7cb7e9a01361b9ab00af5a4d42.jpg,288.9360,3.4610,14
0000310_03000_d_0000124_jpg.rf.f82d79b61e0067f8dcbd3416069b8743.jpg,290.1440,3.4466,7
0000310_03500_d_0000125_jpg.rf.4979833b63656dda51bc529d65bf9156.jpg,289.5130,3.4541,5
0000310_04000_d_0000126_jpg.rf.9a144831ac524294f569f8a567f89f10.jpg,289.5470,3.4537,22
0000310_05822_d_0000130_jpg.rf.43b3ac5d5eb4b517f245040f67bd053e.jpg,290.6320,3.4408,15
0000314_00000_d_0000142_jpg.rf.99ce8748d7da91e3f7496f412d2e9be0.jpg,289.3840,3.4556,11
0000314_00500_d_0000143_jpg.rf.6c979d874d33c6d4ff3cc84bac55e683.jpg,289.4030,3.4554,14
0000314_01000_d_0000144_jpg.rf.78b7111d461b0f2cd61c7939d496e4ce.jpg,289.4800,3.4545,9
0000314_01500_d_0000145_jpg.rf.66630fc30319e6c0f06a70179e01e457.jpg,289.8290,3.4503,9
0000314_01908_d_0000146_jpg.rf.6f2ba380c43ad7261ffb8c9aa411b05d.jpg,289.5300,3.4539,13
0000320_00150_d_0000003_jpg.rf.8c6d8347a4f4a4e5fc0c233937ad8ecf.jpg,290.6270,3.4408,22
0000320_00300_d_0000004_jpg.rf.90edd28fdd917be73cb2787222757a4a.jpg,290.4330,3.4431,15
0000320_00450_d_0000005_jpg.rf.179628072c78dc5208a0cc450f55d244.jpg,288.9660,3.4606,4
0000320_00600_d_0000006_jpg.rf.8940fd8979ab94d3a63de3194f66f7de.jpg,289.8160,3.4505,5
0000320_00750_d_0000007_jpg.rf.1e80eeb790dbbec587effe6f59020194.jpg,289.3900,3.4555,10
0000320_00900_d_0000008_jpg.rf.8a62adec46fc0c9622e20d9556a28091.jpg,289.8990,3.4495,14
0000320_01050_d_0000009_jpg.rf.6a0fd897fcf017febedcc93dfc9629c6.jpg,289.5000,3.4542,17
0000320_01200_d_0000010_jpg.rf.4df918838b30349a5727e3f4cc279e42.jpg,289.3980,3.4554,17
0000320_03950_d_0000011_jpg.rf.ad8cf99a0d1d81a711e97c8bdbd2d856.jpg,290.4660,3.4427,22
0000320_04050_d_0000012_jpg.rf.052ef473dd0c02e25c2b5595df7d184f.jpg,289.2720,3.4570,18
0000320_04200_d_0000013_jpg.rf.6df03cab4e273cca17f09359a51d0aed.jpg,289.3090,3.4565,12
0000320_04375_d_0000014_jpg.rf.4b4f42021f48943f45797114867bd296.jpg,289.8820,3.4497,5
0000321_00000_d_0000015_jpg.rf.ccc5d53eabfa6ca7665fa5e6fc961c62.jpg,289.2860,3.4568,5
0000321_00268_d_0000016_jpg.rf.27d2c42fc6f846fc33628878e61ccef8.jpg,289.6380,3.4526,2
0000328_00150_d_0000019_jpg.rf.9b6724232efd20845c84f0c403f09a93.jpg,289.5270,3.4539,3
0000328_00300_d_0000020_jpg.rf.adca671175fc322834b8fed99f9722c0.jpg,289.7480,3.4513,5
0000328_00600_d_0000022_jpg.rf.41c96b158917d84d7def97275f3360c3.jpg,289.1840,3.4580,6
0000328_01050_d_0000025_jpg.rf.6f6830634514f90bbf01d4fcb946de2c.jpg,289.4460,3.4549,4
0000337_00500_d_0000037_jpg.rf.2f9907b237adbf905662c2af810cecef.jpg,292.7310,3.4161,8
0000337_01000_d_0000038_jpg.rf.8d010ba76314693b0c61beb7eb943afb.jpg,289.7370,3.4514,7
0000337_01500_d_0000039_jpg.rf.349fa272c2183700a8ffcef0464e25d6.jpg,289.6900,3.4520,5
0000337_02000_d_0000040_jpg.rf.22f4ca719f721edb9ae075a571236f3a.jpg,290.8960,3.4377,11
0000337_02500_d_0000041_jpg.rf.ad4f6698e007efee47c48e9323e3f9a7.jpg,289.5680,3.4534,8
0000337_03000_d_0000042_jpg.rf.f5902f8457311ce4522d62f5d9944337.jpg,289.1310,3.4586,5
0000337_03500_d_0000043_jpg.rf.cf7b96c0649986487925b16f2b622ba2.jpg,289.3490,3.4560,6
0000337_04000_d_0000044_jpg.rf.cdf35f127b174428f7d888e497356a56.jpg,291.0160,3.4362,2
0000337_04362_d_0000045_jpg.rf.dfda89d78d06a7d515912418b75abbb8.jpg,289.4520,3.4548,3
0000347_00000_d_0000046_jpg.rf.cda65192e191fba76b3ba61c0d730b8d.jpg,289.2450,3.4573,6
0000347_00100_d_0000047_jpg.rf.09e577af4e4a69e75005741704050cda.jpg,289.8580,3.4500,13
0000347_00511_d_0000048_jpg.rf.0744006c76eaafd711ea61c32de08817.jpg,289.9120,3.4493,6
0000347_00800_d_0000049_jpg.rf.6da0ccd0cd6e3acfd467677d4b8b9080.jpg,289.6510,3.4524,10
0000347_01250_d_0000050_jpg.rf.4b4c1d4b44c570073f584c791d2a5a2b.jpg,289.5670,3.4534,5
0000347_01728_d_0000051_jpg.rf.03efee9994321c209415005ecc5e1aac.jpg,291.1620,3.4345,10
0000347_02000_d_0000052_jpg.rf.4ff158c95e1c83a840d0803b65825890.jpg,289.8910,3.4496,5
0000353_00000_d_0000188_jpg.rf.590d95a09619235838a72669c2b5a55b.jpg,290.0150,3.4481,6
0000353_00500_d_0000189_jpg.rf.b1baf0207d2c1958a0297e7a814970d5.jpg,290.8130,3.4386,6
0000353_01000_d_0000190_jpg.rf.17f0c99dfa429ec7d2130b05a5078b7c.jpg,290.9470,3.4371,13
0000353_01500_d_0000191_jpg.rf.550cb2bd0aa0f597076164d4a0985ad3.jpg,290.2010,3.4459,13
0000353_02000_d_0000192_jpg.rf.5d4a5d5a94b652aac7a880c2aac197a7.jpg,291.1540,3.4346,14
0000353_02500_d_0000193_jpg.rf.81a2b23ccca7f0f7ce17e76f3ced4485.jpg,290.3660,3.4439,9
0000353_03500_d_0000195_jpg.rf.cf73dbb70e096863491e0efea9b5a67f.jpg,290.1540,3.4464,4
0000353_04500_d_0000197_jpg.rf.10f6fb31c332289ba3b34d86600bee7a.jpg,290.3700,3.4439,4
0000353_05000_d_0000198_jpg.rf.2176d8cacf2ce6ad1aaa454b5ff0752c.jpg,290.8460,3.4382,4
0000353_05500_d_0000199_jpg.rf.e2fb37899059d464324d59e6076d990e.jpg,290.4190,3.4433,2
0000353_06000_d_0000200_jpg.rf.6e6c3340a8dafe16c2e00c2509507f15.jpg,290.1160,3.4469,2
0000355_00000_d_0000206_jpg.rf.b4627d3b01f8202298c6bce0bc0b99b3.jpg,291.9890,3.4248,1
0000355_01000_d_0000208_jpg.rf.685bb0b509ec54db9521aae2d335e81a.jpg,289.8160,3.4505,1
0000355_02500_d_0000211_jpg.rf.57b50843a51dd75c96246babfc59ddb5.jpg,290.2200,3.4457,0
0000365_00000_d_0000223_jpg.rf.3dcb1a45a59ba00f9eba697909c5c325.jpg,290.0600,3.4476,10
0000365_00500_d_0000224_jpg.rf.3672d999606941321b03dcc4f31320a5.jpg,291.5420,3.4300,12
0000365_01000_d_0000225_jpg.rf.2ca3223068b58896508bb409dc6e7e1e.jpg,290.2430,3.4454,9
0000365_01500_d_0000226_jpg.rf.cbf9fa5bcdd3303a560e5103d8dce1ad.jpg,290.0020,3.4483,10
9999938_00000_d_0000001_jpg.rf.e82e2dad3f966a073ef131d07bd052e7.jpg,291.5200,3.4303,14
9999938_00000_d_0000002_jpg.rf.197f87d1f15217d8832c2337e3c718fe.jpg,290.3010,3.4447,1
9999938_00000_d_0000003_jpg.rf.355bb05051fa2d40f7fdc6822887f661.jpg,291.0290,3.4361,0
9999938_00000_d_0000004_jpg.rf.708c6a3004f47c9d4fa9daca0857f4c7.jpg,291.4640,3.4310,0
9999938_00000_d_0000005_jpg.rf.410592ec22ede19d2ca21d6bf2e90b1e.jpg,290.4650,3.4428,0
9999938_00000_d_0000006_jpg.rf.da9c21f52a88c3e096574c622e812ad9.jpg,290.3560,3.4440,0
9999938_00000_d_0000007_jpg.rf.c134ae4d5aa0b9ced9a2e92cb1886cd7.jpg,290.1180,3.4469,0
9999938_00000_d_0000008_jpg.rf.2a438e6bc8138433372f7150f4560a25.jpg,291.4480,3.4311,0
9999938_00000_d_0000010_jpg.rf.b8c94ce121a05341bc13907f5562b285.jpg,289.7880,3.4508,0
9999938_00000_d_0000012_jpg.rf.4aa36be24599f0cddadfd95b1bc254a1.jpg,289.4350,3.4550,0
9999938_00000_d_0000014_jpg.rf.554378324f5669d43bd33d6a0ba25426.jpg,290.7370,3.4395,0
9999938_00000_d_0000018_jpg.rf.93ff307bc66bb908eb04da93d0944ca6.jpg,290.1990,3.4459,0
9999938_00000_d_0000019_jpg.rf.15c0a7561fd310a7046d55cb9704fd10.jpg,289.6620,3.4523,0
9999938_00000_d_0000020_jpg.rf.871b667083a5316b542b87fd3070b8c9.jpg,290.0880,3.4472,0
9999938_00000_d_0000023_jpg.rf.2c02ea4d1b04c7ce5dfbc01f064a171d.jpg,291.4310,3.4313,0
9999938_00000_d_0000026_jpg.rf.994a949dc7d653caa7d441ec14814324.jpg,290.4540,3.4429,1
9999938_00000_d_0000027_jpg.rf.8fd6aa363bdd01247a07aa95139ed2f0.jpg,289.9230,3.4492,0
9999938_00000_d_0000028_jpg.rf.47f5b2d27cd55eff1ac896436f76c778.jpg,290.6470,3.4406,0
9999938_00000_d_0000030_jpg.rf.5f327cba29005d7c216b27b5d84e145b.jpg,289.7950,3.4507,0
9999938_00000_d_0000031_jpg.rf.7799ec973e47ce49b860a413361e5bd9.jpg,289.5690,3.4534,0
9999938_00000_d_0000032_jpg.rf.ecf9dacb639a02263e44c0e2ece8b28d.jpg,291.2940,3.4330,0
9999938_00000_d_0000033_jpg.rf.961f15633997a956274eb0ff68e9ffe3.jpg,290.1130,3.4469,0
9999938_00000_d_0000034_jpg.rf.e247561900053f782c2155502708a81e.jpg,290.0620,3.4475,0
9999938_00000_d_0000035_jpg.rf.9e880a9a6ef94f7d3bbdfbd15bae44fb.jpg,290.4180,3.4433,0
9999938_00000_d_0000036_jpg.rf.f3c31ec14b9cacd4663866d7c7b5dbfb.jpg,290.8450,3.4383,0
9999938_00000_d_0000037_jpg.rf.2ddbb813a1b76b25a3b674366b390fd0.jpg,290.7310,3.4396,0
9999938_00000_d_0000038_jpg.rf.77932f425a0438d8779b87b54385b048.jpg,290.0650,3.4475,0
9999938_00000_d_0000039_jpg.rf.10934a61ee45bfea63c1bc75a3df1242.jpg,291.0690,3.4356,0
9999938_00000_d_0000040_jpg.rf.c2b91fc84b229fbd320d004807d66774.jpg,289.5350,3.4538,0
9999938_00000_d_0000041_jpg.rf.a8ff6bbd77d6c1fa696c59ec1e55740c.jpg,290.1890,3.4460,0
9999938_00000_d_0000042_jpg.rf.e3b9cc5bb3da13bcfd33c4b11935de18.jpg,290.4580,3.4428,0
9999938_00000_d_0000043_jpg.rf.f4b5d0a92feed9c16902892140ac2c2d.jpg,289.3930,3.4555,0
9999938_00000_d_0000044_jpg.rf.b39615b3725f801aeac0893819f360b1.jpg,289.2280,3.4575,0
9999938_00000_d_0000045_jpg.rf.c688d97d844cadb96086cd31b0564d6f.jpg,290.0990,3.4471,0
9999938_00000_d_0000046_jpg.rf.b29b935373faf39ed862c519d32c8619.jpg,290.5660,3.4416,0
9999938_00000_d_0000047_jpg.rf.9f37722e5a74a03e8ae8f84e821efde5.jpg,290.5220,3.4421,0
9999938_00000_d_0000048_jpg.rf.7166ee88e7c71648a0d1184576bf22c4.jpg,289.1000,3.4590,1
9999938_00000_d_0000049_jpg.rf.ab10b126de463fdf27c0e3ab15c7c0b9.jpg,290.8050,3.4387,1
9999938_00000_d_0000050_jpg.rf.ff3f1ff1d828e605fa7ed002d245ab9c.jpg,289.3320,3.4562,0
9999938_00000_d_0000051_jpg.rf.24c2d10c353985207a45265f97089da4.jpg,289.2350,3.4574,0
9999938_00000_d_0000052_jpg.rf.db9cfc9f4a89abe46dab086328bbe69d.jpg,289.0750,3.4593,0
9999938_00000_d_0000053_jpg.rf.5d5544edd0484b7c529c9c0ae4bc4f46.jpg,290.8790,3.4379,0
9999938_00000_d_0000054_jpg.rf.a5a2dc2f3e4931cfe1cf1899fa4ebfc9.jpg,289.5390,3.4538,0
9999938_00000_d_0000055_jpg.rf.7474447063f66e60e06d16e3ed5d17d9.jpg,288.6140,3.4648,0
9999938_00000_d_0000056_jpg.rf.a3bafed15ff1093ea0a2b62586d944df.jpg,290.3830,3.4437,0
9999938_00000_d_0000057_jpg.rf.3a94693b1265871a32821823b2a67345.jpg,289.0950,3.4591,0
9999938_00000_d_0000058_jpg.rf.3ed988d0e2d2b0ef0c8e35fb2b10e46e.jpg,288.7670,3.4630,0
9999938_00000_d_0000059_jpg.rf.1bd390c6eea562302e021d78449587cb.jpg,290.0530,3.4476,0
9999938_00000_d_0000060_jpg.rf.20587d70687431161eda6580849fcf0a.jpg,289.5350,3.4538,1
9999938_00000_d_0000061_jpg.rf.e7fc62259d1e2e61755ceb00a6d715fe.jpg,289.3750,3.4557,0
9999938_00000_d_0000062_jpg.rf.ce971ab08c967c8c60ed6ea505df2ed6.jpg,289.3040,3.4566,2
9999938_00000_d_0000063_jpg.rf.f8414ba47dad758399e2d5bd821fa456.jpg,290.2710,3.4451,0
9999938_00000_d_0000064_jpg.rf.08985329c7c53efeb65829dd80bb62f3.jpg,289.3720,3.4558,1
9999938_00000_d_0000065_jpg.rf.f56cc847222e5c20c8ae931a0bb41e99.jpg,289.4360,3.4550,0
9999938_00000_d_0000066_jpg.rf.14c013d260efb64e18c3df1ed3c21f15.jpg,292.2000,3.4223,0
9999938_00000_d_0000067_jpg.rf.22e4639951ac5679c9a694b9a9514c9d.jpg,289.5130,3.4541,0
9999938_00000_d_0000068_jpg.rf.fff3cc8e1f774e9d4dc7d0624a04416e.jpg,289.5750,3.4533,6
9999938_00000_d_0000069_jpg.rf.2233d2b5548e904ecd2a6e946261d10d.jpg,289.5010,3.4542,0
9999938_00000_d_0000070_jpg.rf.f74535f2e16ab0c61c0e11f7d946f368.jpg,290.3980,3.4435,1
9999938_00000_d_0000071_jpg.rf.c5a5bac41c2ddaffa336d3771c4bf710.jpg,289.2220,3.4576,3
9999938_00000_d_0000072_jpg.rf.49b673a1e451bd5b20a5dbea3f54671b.jpg,288.9300,3.4610,1
9999938_00000_d_0000073_jpg.rf.38dd918d70a481d99d9231d5faa9ce8c.jpg,290.7440,3.4395,6
9999938_00000_d_0000074_jpg.rf.6f5bcd12546ba35ca5b20c7006b35b4d.jpg,289.6480,3.4525,4
9999938_00000_d_0000075_jpg.rf.4760a2cb440cfdc82e5fa6e9e4baeec9.jpg,289.3450,3.4561,0
9999938_00000_d_0000076_jpg.rf.ad6e211834625ab16ab5e87e9f67cdfc.jpg,289.7790,3.4509,1
9999938_00000_d_0000077_jpg.rf.94edf88ef3ac4f09119672e9010e1dae.jpg,290.5350,3.4419,2
9999938_00000_d_0000078_jpg.rf.04fa621131972f441a23f9e54741a1da.jpg,289.9160,3.4493,0
9999938_00000_d_0000079_jpg.rf.d1b5edd587db07d48037dcfe4f3adc99.jpg,289.3540,3.4560,4
9999938_00000_d_0000080_jpg.rf.52f917c3f24793ef1b86dd5ce8c50854.jpg,290.8240,3.4385,0
9999938_00000_d_0000081_jpg.rf.8b3b2e05c651da0eee91b082a4841d81.jpg,289.5960,3.4531,2
9999938_00000_d_0000082_jpg.rf.96da947f8bcb137c45efe360d11ba40f.jpg,289.5160,3.4540,2
9999938_00000_d_0000083_jpg.rf.315550ef77f2845302c413292f01d15e.jpg,290.9830,3.4366,11
9999938_00000_d_0000084_jpg.rf.37b09feb7cf8c295423b46f02b69df53.jpg,289.6780,3.4521,5
9999938_00000_d_0000085_jpg.rf.201d0c9a21d5c9f438d3a7ed8de6a322.jpg,290.5060,3.4423,0
9999938_00000_d_0000086_jpg.rf.c9ee354c7c74349c26519a366236b69b.jpg,289.0990,3.4590,1
9999938_00000_d_0000087_jpg.rf.677f4382b070b4464840ab82db978cbd.jpg,290.3970,3.4436,1
9999938_00000_d_0000088_jpg.rf.690cd30f024eb8ed2251928f2d7537e8.jpg,289.6260,3.4527,6
9999938_00000_d_0000089_jpg.rf.17f0a6fda9c61ddfa994175cd76b8a02.jpg,289.4510,3.4548,4
9999938_00000_d_0000090_jpg.rf.97d2ff7c9d4baa6bf7e43117d2ebe3b5.jpg,290.5880,3.4413,1
9999938_00000_d_0000091_jpg.rf.3d0f97f2926aadf90e47fde2b4466ed0.jpg,289.6580,3.4523,0
9999938_00000_d_0000092_jpg.rf.c4e92a3bca518bdd25c1da34de3c51b7.jpg,289.4660,3.4546,0
9999938_00000_d_0000093_jpg.rf.430dc454d8ca5b721b81d990a76d132d.jpg,290.8680,3.4380,1
9999938_00000_d_0000094_jpg.rf.8b5a82559f6cd07377334e6296234722.jpg,289.4540,3.4548,0
9999938_00000_d_0000095_jpg.rf.d2b68c28dd28bbbfa8b4a508439a7170.jpg,289.8750,3.4498,0
9999938_00000_d_0000096_jpg.rf.a51abbfc9bcf166c8117c81b732a139f.jpg,289.5620,3.4535,0
9999938_00000_d_0000097_jpg.rf.a21f10d4c245717ca8ea40dbf35f7024.jpg,290.0660,3.4475,1
9999938_00000_d_0000098_jpg.rf.8cf85dfdf6eb7805106abc95ed3e70b1.jpg,289.3510,3.4560,4
9999938_00000_d_0000099_jpg.rf.700c67e38295920c707e4cfde6e14626.jpg,289.0030,3.4602,9
9999938_00000_d_0000100_jpg.rf.4e91a19497ad2c82ca0c6bcc9626fa92.jpg,290.3740,3.4438,2
9999938_00000_d_0000101_jpg.rf.978d3474d267098e856554b0d7bbb8db.jpg,289.9950,3.4483,3
9999938_00000_d_0000102_jpg.rf.573cdd913e1ac1f4835ec976738bdea1.jpg,289.5650,3.4535,1
9999938_00000_d_0000103_jpg.rf.93e13c8ff7acd7896515f1d4faa4d2e0.jpg,290.5100,3.4422,0
9999938_00000_d_0000104_jpg.rf.5cddef11fb60297fd4a70c795d911564.jpg,291.0510,3.4358,5
9999938_00000_d_0000105_jpg.rf.c9a101d40a2dad14ffe2973af48cd675.jpg,290.5990,3.4412,22
9999938_00000_d_0000106_jpg.rf.92805b6f745499dbe2fcf302f9f3d5e2.jpg,290.1560,3.4464,12
9999938_00000_d_0000107_jpg.rf.bc2895f59800a7e63891175421154bb1.jpg,291.4370,3.4313,14
9999938_00000_d_0000108_jpg.rf.4719c44415000f06e853841943d361f0.jpg,290.3150,3.4445,11
9999938_00000_d_0000109_jpg.rf.ef8dbfd0f9d040a60e6f08407f4a508c.jpg,290.0650,3.4475,13
9999938_00000_d_0000110_jpg.rf.7415dda42227d2ba1579e43d91ef14b4.jpg,290.5700,3.4415,1
9999938_00000_d_0000111_jpg.rf.388c7de6030ffab09e10964dea9e82b9.jpg,289.9170,3.4493,14
9999938_00000_d_0000112_jpg.rf.7b6e4765600f568e74bc7307b522a3e3.jpg,289.7420,3.4513,2
9999938_00000_d_0000113_jpg.rf.16b3145e539b197842cbb396029b716d.jpg,289.7070,3.4518,2
9999938_00000_d_0000114_jpg.rf.ffd85a67f87e2f8611dd069ab4dd516d.jpg,290.7460,3.4394,1
9999938_00000_d_0000115_jpg.rf.3f0c6a1acdf251e840df5e0d664b9193.jpg,290.3910,3.4436,1
9999938_00000_d_0000116_jpg.rf.4a189fc858e5147a81b3957006be5809.jpg,289.4720,3.4546,0
9999938_00000_d_0000117_jpg.rf.3eff0376ef4c155b875e88d92fb08b39.jpg,291.1160,3.4351,10
9999938_00000_d_0000118_jpg.rf.1a47dcb3c3692d7a438b0a22628fc5bf.jpg,290.2660,3.4451,3
9999938_00000_d_0000119_jpg.rf.476a60039286e37c07995792bb142b6d.jpg,290.2150,3.4457,1
9999938_00000_d_0000120_jpg.rf.a012aa67bb46a978746713c5beeab42a.jpg,291.1200,3.4350,1
9999938_00000_d_0000121_jpg.rf.5999494786c6270f086e6071aaed7ad7.jpg,291.5390,3.4301,13
9999938_00000_d_0000122_jpg.rf.014e80153816087e0acc19154a02d409.jpg,290.3720,3.4439,9
9999938_00000_d_0000123_jpg.rf.6495979f692694478ddd69582bbf0a2a.jpg,289.8730,3.4498,8
9999938_00000_d_0000124_jpg.rf.ff885730739e4dbd60842ac5e1161b54.jpg,290.3880,3.4437,3
9999938_00000_d_0000125_jpg.rf.0d04dad4ea308f0223fdc21a816528b3.jpg,290.0440,3.4478,2
9999938_00000_d_0000126_jpg.rf.4baf77eb6a77f81934fbbaeba5cad54a.jpg,290.1440,3.4466,2
9999938_00000_d_0000127_jpg.rf.76ca1aa4be733ce46049417d2ddbae90.jpg,291.7460,3.4276,24
9999938_00000_d_0000128_jpg.rf.1a4a60d7ec137aaaf32b56907b4fe780.jpg,289.8490,3.4501,22
9999938_00000_d_0000129_jpg.rf.bb2c18897a52b1b06995ce2598379e5d.jpg,289.9200,3.4492,0
9999938_00000_d_0000130_jpg.rf.c06c8aead4171cd943cd04bad2e1979a.jpg,289.8960,3.4495,1
9999938_00000_d_0000131_jpg.rf.bdf43f4523d125769a6f24ce4d77ec88.jpg,291.1490,3.4347,0
9999938_00000_d_0000132_jpg.rf.a932555f1b7939a6b9166bd15f501908.jpg,290.1350,3.4467,2
9999938_00000_d_0000133_jpg.rf.7e42613415ce687210e56150bc678478.jpg,290.1780,3.4462,0
9999938_00000_d_0000134_jpg.rf.5f9ba7d1d68309838a3ecfe1b167c2c4.jpg,290.5790,3.4414,0
9999938_00000_d_0000135_jpg.rf.07a6cc675e848528416a21edc6ac205b.jpg,290.0980,3.4471,3
9999938_00000_d_0000136_jpg.rf.cc94304fc11f3c637016161e40b597ac.jpg,290.2790,3.4450,3
9999938_00000_d_0000137_jpg.rf.484d87447c4bab893b3b65eaf03293ee.jpg,290.3850,3.4437,0
9999938_00000_d_0000138_jpg.rf.a8a704e4db939c3a671257f3d61e6ce2.jpg,290.2370,3.4455,0
9999938_00000_d_0000139_jpg.rf.b56849f974faf34cf4b683446b0a7399.jpg,290.4940,3.4424,0
9999938_00000_d_0000140_jpg.rf.0dd20268c6b90bc4534122e30c9bd9df.jpg,290.1490,3.4465,6
9999938_00000_d_0000141_jpg.rf.687477fbe145c95704ecff8516d5bfec.jpg,292.0250,3.4244,0
9999938_00000_d_0000142_jpg.rf.4bfb843307746c67eb8e36b7e45bee3c.jpg,290.0470,3.4477,5
9999938_00000_d_0000143_jpg.rf.486b29da499b72d6da07196aff21ccaf.jpg,290.2730,3.4450,4
9999938_00000_d_0000144_jpg.rf.cc58e4b6999fb1111304743e6138ff3f.jpg,290.4180,3.4433,0
9999938_00000_d_0000145_jpg.rf.cd6c0418209535764e04cf6700b68367.jpg,290.4430,3.4430,0
9999938_00000_d_0000146_jpg.rf.417e0c81feb683f737e55976993bd9df.jpg,290.3140,3.4445,0
9999938_00000_d_0000147_jpg.rf.c5ce1c465499a22f86f7d04a4558befa.jpg,290.5380,3.4419,0
9999938_00000_d_0000148_jpg.rf.37163b0ac79ac52683644b18086e486d.jpg,291.5440,3.4300,0
9999938_00000_d_0000149_jpg.rf.722be9803e9fdb2e4954cae2a02e637b.jpg,289.9700,3.4486,0
9999938_00000_d_0000150_jpg.rf.7f7569d8d13253e237ffa65b317c54da.jpg,289.8730,3.4498,0
9999938_00000_d_0000151_jpg.rf.07d20038eb3e357532694cbad3849c8f.jpg,290.9580,3.4369,0
9999938_00000_d_0000152_jpg.rf.4c70fc0cf3938050b7b52166f7f4c44e.jpg,290.0500,3.4477,2
9999938_00000_d_0000153_jpg.rf.942f666a748bd287fc1551360b4ca497.jpg,290.2290,3.4456,1
9999938_00000_d_0000154_jpg.rf.f0617b989c10f8631f0c74cee32411cd.jpg,290.9620,3.4369,1
9999938_00000_d_0000155_jpg.rf.45953c51edfff1b9ccf8c48de0ca9451.jpg,289.8800,3.4497,0
9999938_00000_d_0000156_jpg.rf.6a53b296153d04cd3cf74beb0b9fb085.jpg,289.4780,3.4545,0
9999938_00000_d_0000157_jpg.rf.f85c00a9791fc779f076898f70c99694.jpg,291.4160,3.4315,0
9999938_00000_d_0000158_jpg.rf.02dbefd271d4515321251988e44ec23b.jpg,291.4660,3.4309,0
9999938_00000_d_0000159_jpg.rf.a50f67bac25d81312d60a5f25406b32f.jpg,290.2250,3.4456,0
9999938_00000_d_0000160_jpg.rf.0d6dfb9dbf2546849b3a76fb8c89616c.jpg,289.9550,3.4488,0
9999938_00000_d_0000161_jpg.rf.eed16d7b56d04a02ed486a2602cf87cb.jpg,290.9080,3.4375,1
9999938_00000_d_0000162_jpg.rf.748a062263d1deebcae012125e636600.jpg,290.2930,3.4448,0
9999938_00000_d_0000163_jpg.rf.2419eedc173fd5fd413344a01a180c06.jpg,290.3000,3.4447,0
9999938_00000_d_0000164_jpg.rf.c66970356ef5ac9f5f01f49181922101.jpg,291.7560,3.4275,0
9999938_00000_d_0000165_jpg.rf.85c84ca43e575a7062cc649909b5c115.jpg,290.6700,3.4403,1
9999938_00000_d_0000166_jpg.rf.679eea4b8b03edbfa67e39a7ae4a98e8.jpg,290.1700,3.4463,0
9999938_00000_d_0000167_jpg.rf.b8773e33cfd46a424023211c4d8b0279.jpg,290.0420,3.4478,1
9999938_00000_d_0000168_jpg.rf.1776614e136db7631d8cd7b159984a54.jpg,290.2770,3.4450,2
9999938_00000_d_0000169_jpg.rf.afe4fbbf0f3cd0661c37095ba3de4b8d.jpg,290.4330,3.4431,0
9999938_00000_d_0000170_jpg.rf.a8967cd7603cac529b16f1ff92d69da5.jpg,290.0890,3.4472,0
9999938_00000_d_0000171_jpg.rf.90836ea79b92f8593d9440088bf40631.jpg,291.3480,3.4323,4
9999938_00000_d_0000172_jpg.rf.88ee60fd0cd8edc6e0cf0345cd10bf30.jpg,289.7640,3.4511,0
9999938_00000_d_0000173_jpg.rf.a40189ebb72e05fdcd6d3756685a95f2.jpg,289.7760,3.4509,0
9999938_00000_d_0000174_jpg.rf.4d6e5f90ad3e5ad1737262003a1d1e12.jpg,290.0300,3.4479,0
9999938_00000_d_0000175_jpg.rf.cedb4abf4d0b746474bf7b30402ccdac.jpg,291.7090,3.4281,0
9999938_00000_d_0000176_jpg.rf.fb7130786d85d9aa2cc787dfeea92e8d.jpg,289.6270,3.4527,0
9999938_00000_d_0000177_jpg.rf.e604d3b0951621d38238719a6891e166.jpg,289.9550,3.4488,0
9999938_00000_d_0000178_jpg.rf.246fc970b05c85bb5ec0f4ac4f1334dc.jpg,290.8370,3.4384,0
9999938_00000_d_0000179_jpg.rf.76fccc60649a1fce21f4e347d43a2d63.jpg,289.5510,3.4536,0
9999938_00000_d_0000180_jpg.rf.cac3a37dbb675d5d5ee9854545b93953.jpg,289.3600,3.4559,0
9999938_00000_d_0000181_jpg.rf.07f8640aebade5e5fcc4940c65fc9bcf.jpg,290.6870,3.4401,0
9999938_00000_d_0000182_jpg.rf.7659bf6b9477b1f3c4069a4490c91d64.jpg,290.4480,3.4430,0
9999938_00000_d_0000183_jpg.rf.ca3a58027b8e7a7ccd7f9bdd2feb92d2.jpg,290.5130,3.4422,0
9999938_00000_d_0000184_jpg.rf.4446801594153d9ae24025090727ace2.jpg,289.8150,3.4505,0
9999938_00000_d_0000185_jpg.rf.8d17e95daa41eadb37d54211cc83aa1e.jpg,291.5200,3.4303,0
9999938_00000_d_0000186_jpg.rf.e7a4a5a36c01490dd6df742d84ca767a.jpg,289.4100,3.4553,0
9999938_00000_d_0000187_jpg.rf.114101b7ebe4987cc99215a2f7f1a06c.jpg,289.7300,3.4515,0
9999938_00000_d_0000188_jpg.rf.670b0def75d3519cf5b3d98749439df7.jpg,291.1910,3.4342,0
9999938_00000_d_0000189_jpg.rf.969bcbe438d03186090afb2b61da0e24.jpg,290.6840,3.4402,0
9999938_00000_d_0000190_jpg.rf.28a7a63a9317c6149e8c2a0bd1802284.jpg,290.3700,3.4439,0
9999938_00000_d_0000191_jpg.rf.7c0e7d07f78a18df7d60da564d201f80.jpg,289.7710,3.4510,0
9999938_00000_d_0000192_jpg.rf.c958192f3ab6213b2df004ef9458b5c0.jpg,291.4550,3.4311,0
9999938_00000_d_0000193_jpg.rf.4576e869970cdf78cef50424621bb2b0.jpg,291.0130,3.4363,0
9999938_00000_d_0000194_jpg.rf.d66037c3412e950dfb5e0267c661caf2.jpg,289.7170,3.4516,0
9999938_00000_d_0000195_jpg.rf.1b83d2fad53b47bbb6e8a9e7de8adde1.jpg,290.3090,3.4446,0
9999938_00000_d_0000196_jpg.rf.2970fa6ef5df09e7920d64530f8b513b.jpg,290.3160,3.4445,0
9999938_00000_d_0000197_jpg.rf.9152b0c3d1c5fcd7d4f1586bc0b42d96.jpg,290.3560,3.4440,9
9999938_00000_d_0000198_jpg.rf.ce8d355b626f6a1a6a58f8c6a408dea4.jpg,290.9690,3.4368,0
9999938_00000_d_0000199_jpg.rf.02554c6f84939a1313f03ee358ab01aa.jpg,290.3050,3.4447,0
9999938_00000_d_0000200_jpg.rf.d9f1498482e0e94da2eccdc5f47d86fd.jpg,289.7180,3.4516,0
9999938_00000_d_0000201_jpg.rf.22bcacba57b23ce3fa357536bc67fcee.jpg,289.5170,3.4540,0
9999938_00000_d_0000202_jpg.rf.e0cc5b467d048b33adfc546192780a7b.jpg,290.7710,3.4391,0
9999938_00000_d_0000203_jpg.rf.2f47ae559d7292dacccbc533bce952c4.jpg,290.2860,3.4449,0
9999938_00000_d_0000204_jpg.rf.b35e7bc40f90e27f7426ebde0e22c2c5.jpg,290.1130,3.4469,0
9999938_00000_d_0000205_jpg.rf.5861526e0a8cbf3499b7d9cc44017269.jpg,290.9040,3.4376,1
9999938_00000_d_0000206_jpg.rf.eba30a38db5574f5505b1392f6189c99.jpg,289.8290,3.4503,0
9999938_00000_d_0000207_jpg.rf.2211e29426557ab118a9ad83543dd119.jpg,290.3410,3.4442,2
9999938_00000_d_0000208_jpg.rf.00269c86815c6ce788e8bc50e0f64748.jpg,290.4580,3.4428,1
9999938_00000_d_0000209_jpg.rf.9997a664474c8409fb57f03cefb499ce.jpg,290.4960,3.4424,0
9999938_00000_d_0000210_jpg.rf.948b19e3c975ede14da1c1f900d450df.jpg,289.9410,3.4490,5
9999938_00000_d_0000211_jpg.rf.b2f50594d2a31b17a35cb7b49b871684.jpg,291.1120,3.4351,1
9999938_00000_d_0000212_jpg.rf.71910b4cfa29f0338ed6b09fbeeae025.jpg,291.1240,3.4350,3
9999938_00000_d_0000213_jpg.rf.1291fa9de36921ddaaf2a4c82ae30665.jpg,290.2730,3.4450,22
9999938_00000_d_0000214_jpg.rf.523fc881694951c79aa9ac7f20996097.jpg,290.1340,3.4467,0
9999938_00000_d_0000215_jpg.rf.e0373addbbb21ba7734afa18bded69af.jpg,291.7670,3.4274,0
9999938_00000_d_0000216_jpg.rf.57a92472baf71dfe32360ab1a026ae8b.jpg,290.3130,3.4446,5
9999938_00000_d_0000217_jpg.rf.17a19cea5b2098ba0177dcd0e50aa497.jpg,290.1610,3.4464,7
9999938_00000_d_0000218_jpg.rf.6593fa56e5c451f8ffc15edcc3231cbd.jpg,290.0970,3.4471,3
9999938_00000_d_0000219_jpg.rf.6fa3e581d019f7accbc50c23f1a3f542.jpg,291.6710,3.4285,0
9999938_00000_d_0000220_jpg.rf.70baffde082e93dc056da50558d2fac2.jpg,290.2100,3.4458,0
9999938_00000_d_0000221_jpg.rf.8fd70d3b8c1f0364eb64fe0352e8e1be.jpg,290.3820,3.4437,0
9999938_00000_d_0000222_jpg.rf.1220fefe48bbca2d66a9277c1db61fac.jpg,290.8020,3.4388,0
9999938_00000_d_0000223_jpg.rf.7659925e3ce87184c80fa22c7858e1da.jpg,290.0100,3.4482,0
9999938_00000_d_0000224_jpg.rf.26041ede3afbec9cccd5146423397d0f.jpg,289.9750,3.4486,0
9999938_00000_d_0000225_jpg.rf.3ba639f161bee7863d8a2412934b8958.jpg,290.7160,3.4398,0
9999938_00000_d_0000226_jpg.rf.3107eef5969d88a873b99791fa722024.jpg,290.2980,3.4447,0
9999938_00000_d_0000227_jpg.rf.67ff85911534ce6fde40d36d985d81f7.jpg,289.7530,3.4512,0
9999938_00000_d_0000228_jpg.rf.113981564f7c230ec4b154d9ab7e9eda.jpg,289.1640,3.4582,0
9999938_00000_d_0000229_jpg.rf.513869b7918b57662f8a48398312f768.jpg,292.6500,3.4171,0
9999938_00000_d_0000230_jpg.rf.08c61fcd53243748c9e371969b54a93d.jpg,290.1950,3.4460,0
9999938_00000_d_0000231_jpg.rf.f0f7242ba22e939cb265d051f501bc14.jpg,290.2520,3.4453,0
9999938_00000_d_0000232_jpg.rf.503c5dff062525ad202e60ce71779fcf.jpg,291.4770,3.4308,0
9999938_00000_d_0000233_jpg.rf.8e6f6d3a8889d7ecb29284152877c5b4.jpg,290.3670,3.4439,0
9999938_00000_d_0000234_jpg.rf.2ff1df7ac8702a88117745a9f0849365.jpg,290.1050,3.4470,0
9999938_00000_d_0000235_jpg.rf.6687e3a669418b1290b05ac9b35607ad.jpg,290.2050,3.4458,0
9999938_00000_d_0000236_jpg.rf.f86b877374d81ee114c4ad2944165f69.jpg,291.3440,3.4324,0
9999938_00000_d_0000237_jpg.rf.16e308d529dcec93842bbe4cf7200753.jpg,290.5570,3.4417,0
9999938_00000_d_0000238_jpg.rf.4da07985e52826dc82025dc807f472c5.jpg,289.9450,3.4489,0
9999938_00000_d_0000239_jpg.rf.07e59d7433919f8997c031700203db69.jpg,290.3150,3.4445,0
9999938_00000_d_0000240_jpg.rf.5ca8b84af0b6646529027eb3b3179f1c.jpg,290.0470,3.4477,0
9999938_00000_d_0000241_jpg.rf.9c3e703bf857d70235504e5b1070b0a5.jpg,290.1620,3.4464,1
9999938_00000_d_0000242_jpg.rf.a8107c1b3348dfb0fc41dd0a5c121518.jpg,291.3870,3.4319,0
9999938_00000_d_0000243_jpg.rf.1a1fb466a7574a2391208879711700ce.jpg,290.1450,3.4466,0
9999938_00000_d_0000244_jpg.rf.676db57ae9000d853bb2f9ad5c250004.jpg,290.4190,3.4433,0
9999938_00000_d_0000245_jpg.rf.1794dec6707118459040d584c58fc8c0.jpg,290.2860,3.4449,0
9999938_00000_d_0000246_jpg.rf.36149319b179867afb96c020fa12b483.jpg,290.9540,3.4370,0
9999938_00000_d_0000247_jpg.rf.250e9fec2ce511cb4d6d720cc15af872.jpg,290.3950,3.4436,0
9999938_00000_d_0000248_jpg.rf.6f2c356d66724ee0b16cee53b84dffbf.jpg,288.4480,3.4668,0
9999938_00000_d_0000250_jpg.rf.f09cc494b2ce2be74e39cab04d6f386b.jpg,290.9230,3.4373,0
9999938_00000_d_0000251_jpg.rf.ab88fa6a9bfe924bef30fe997839201d.jpg,289.8360,3.4502,0
9999938_00000_d_0000252_jpg.rf.a80dc83c1cf6eb99d6ad30f9599ed627.jpg,289.7580,3.4512,0
9999938_00000_d_0000253_jpg.rf.5a182ea45b217bf3cfc9814bac48a722.jpg,290.4920,3.4424,0
9999938_00000_d_0000254_jpg.rf.48d8c753c5ddce60ab8bead48c3b05a4.jpg,289.7890,3.4508,20
9999938_00000_d_0000255_jpg.rf.04c13350517e3892bd30f205b6876b57.jpg,289.7000,3.4518,2
9999938_00000_d_0000256_jpg.rf.3068f8575451caccf63ea1622626b9b4.jpg,289.9000,3.4495,13
9999938_00000_d_0000257_jpg.rf.0d7b8b5614f8873847f6d048763e4e91.jpg,290.7590,3.4393,1
9999938_00000_d_0000258_jpg.rf.30ec51a1875cc03076cb6adb78ba65b6.jpg,290.0390,3.4478,0
9999938_00000_d_0000259_jpg.rf.cf639a64816cdeaeb045bea4c1dfdebd.jpg,289.7620,3.4511,0
9999938_00000_d_0000260_jpg.rf.0daa03a601a65e64d47f5f4c96e51183.jpg,290.4810,3.4426,0
9999938_00000_d_0000261_jpg.rf.99ed07e54fdd3d010bdfce9b5860fd84.jpg,289.6670,3.4522,0
9999938_00000_d_0000262_jpg.rf.0d76e500be749acdaeae8bf73a075064.jpg,290.2910,3.4448,1
9999938_00000_d_0000263_jpg.rf.a4740f6b3158c6a0072cb2dffb707f74.jpg,289.6850,3.4520,0
9999938_00000_d_0000264_jpg.rf.8c7527445ce7f7346f2d8387393e2730.jpg,290.8890,3.4377,0
9999938_00000_d_0000265_jpg.rf.c7aede6fd7f995b7e12ec7a1cde28d64.jpg,289.8510,3.4500,1
9999938_00000_d_0000266_jpg.rf.0abe5bdc79f329eda72d8d2ac1d979ca.jpg,291.4640,3.4310,0
9999938_00000_d_0000268_jpg.rf.0883e3d40d4509d6728c15c18ef84503.jpg,291.0910,3.4354,0
9999938_00000_d_0000269_jpg.rf.d651aee60f3f4c72be9dc8499210e632.jpg,289.9860,3.4484,0
9999938_00000_d_0000270_jpg.rf.2c0149d0e75d05bd52f78a90606e06d9.jpg,290.0120,3.4481,0
9999938_00000_d_0000271_jpg.rf.3d2d7d2ada91c12efe348b197e504aad.jpg,290.9490,3.4370,0
9999938_00000_d_0000272_jpg.rf.a7403f9e40d34f342521c5a29c1c1834.jpg,290.3850,3.4437,0
9999938_00000_d_0000273_jpg.rf.35667670c0231a6b60afdb0eca443189.jpg,290.4390,3.4431,0
9999938_00000_d_0000274_jpg.rf.3f903fe4742d8ec5064607c6a0d1dc77.jpg,289.9190,3.4492,0
9999938_00000_d_0000275_jpg.rf.6d82db2abc737e020f76ca774f201589.jpg,291.1150,3.4351,0
9999938_00000_d_0000276_jpg.rf.8f517a559b5e86daaa7f0baf3367294f.jpg,289.5780,3.4533,0
9999938_00000_d_0000278_jpg.rf.e5007322e766135af65048b6e263e04f.jpg,290.0630,3.4475,0
9999938_00000_d_0000279_jpg.rf.5dc5c06b201792c9dfd5c4cb57aa0063.jpg,290.6870,3.4401,0
9999938_00000_d_0000280_jpg.rf.204ea599040b3e1ae9dcc91ef042c48b.jpg,290.4190,3.4433,0
9999938_00000_d_0000282_jpg.rf.62ad41345a499d0908610ccb0777afa3.jpg,290.2420,3.4454,0
9999938_00000_d_0000283_jpg.rf.acda820d5d5968c88c2d8265ca1df0aa.jpg,290.4390,3.4431,0
9999938_00000_d_0000285_jpg.rf.d67c980548f49148584e973e642adc3a.jpg,290.5680,3.4415,0
9999938_00000_d_0000286_jpg.rf.77ed032a306157065220f737c2d122ee.jpg,290.2220,3.4456,0
9999938_00000_d_0000290_jpg.rf.89875ff8d6a8b094b75bbb7a87710332.jpg,290.0020,3.4483,0
9999938_00000_d_0000291_jpg.rf.2695f9ef4e713b3a0899cf8faec7b2aa.jpg,291.3980,3.4317,0
9999938_00000_d_0000292_jpg.rf.5d1cade36ff3a4ee28462aca04620e3e.jpg,289.2830,3.4568,0
9999938_00000_d_0000293_jpg.rf.993d878d332545d88173f27647dc7a8d.jpg,289.7050,3.4518,0
9999938_00000_d_0000294_jpg.rf.755e7c020d6b89ba87f4fb90eeb8af47.jpg,291.0620,3.4357,0
9999938_00000_d_0000295_jpg.rf.70e6f906c94b314a1bb30d2f2937a175.jpg,289.6900,3.4520,0
9999938_00000_d_0000296_jpg.rf.eaf42c9cbc693ee0edf98643fef7ad13.jpg,289.0300,3.4598,0
9999938_00000_d_0000297_jpg.rf.ccd65312022b0c916499d16b460629fc.jpg,290.1310,3.4467,1
9999938_00000_d_0000298_jpg.rf.23fe88361ecaac67d6dc8abffbad774d.jpg,291.4930,3.4306,0
9999938_00000_d_0000299_jpg.rf.27d18abd2c29fc1d4779773680da656d.jpg,289.7350,3.4514,0
9999938_00000_d_0000300_jpg.rf.082e3121e4bea10475d0ad2567a02170.jpg,289.7110,3.4517,0
9999938_00000_d_0000301_jpg.rf.a4c8d5f729e1dd99997ced7ff2843676.jpg,291.6600,3.4286,2
9999938_00000_d_0000302_jpg.rf.afb3dd7c7371f365a0c0d42d0eb80aba.jpg,289.3260,3.4563,3
9999938_00000_d_0000303_jpg.rf.a253eaae3519a9991f9a1fb1e7298e9e.jpg,289.3180,3.4564,3
9999938_00000_d_0000304_jpg.rf.5ac01e64022aaf94791a8a7e1603977c.jpg,289.5800,3.4533,1
9999938_00000_d_0000305_jpg.rf.f77b85ff96ea59afbcf8eb8256c55405.jpg,292.1850,3.4225,0
9999938_00000_d_0000306_jpg.rf.c7a902372c493cb5d8a6e6cee650102b.jpg,289.7390,3.4514,0
9999938_00000_d_0000307_jpg.rf.a0d3997476c912ed30ebce572f97fbc3.jpg,290.3520,3.4441,0
9999938_00000_d_0000308_jpg.rf.6e65bb7c198d44ce4cab8ade0a18efc4.jpg,291.1820,3.4343,0
9999938_00000_d_0000309_jpg.rf.189b8080c70da9d8d40f5e336f0651b1.jpg,290.6020,3.4411,0
9999938_00000_d_0000310_jpg.rf.118bd6e03a45bc9a2ffd738d8f37f814.jpg,289.5490,3.4536,0
9999938_00000_d_0000311_jpg.rf.3cee59da6093491b1f42baef205f49cc.jpg,290.7340,3.4396,0
9999938_00000_d_0000312_jpg.rf.dddb671dd9473ec94d9464140ed52d05.jpg,289.8990,3.4495,0
9999938_00000_d_0000313_jpg.rf.3d27b035a294b8ebe9123d988df64eee.jpg,289.9580,3.4488,0
9999938_00000_d_0000314_jpg.rf.a84b45e2e460085c05ccbd39a236bf55.jpg,289.6900,3.4520,1
9999938_00000_d_0000315_jpg.rf.05b5dcb67f0f6c77d49920a4cc35b49d.jpg,289.5240,3.4539,0
9999938_00000_d_0000316_jpg.rf.9ad88ab8add67bcb0959ff97cf4b7f64.jpg,289.2940,3.4567,0
9999938_00000_d_0000317_jpg.rf.78524551b9f8024d8c868f5d92cd3822.jpg,289.2570,3.4571,0
9999938_00000_d_0000318_jpg.rf.42864b0844b4fad9cecf30824528c379.jpg,290.2580,3.4452,0
9999938_00000_d_0000319_jpg.rf.7e4bda34e6733b1a0a56cc47e7f54898.jpg,288.5170,3.4660,0
9999938_00000_d_0000320_jpg.rf.01b90bfc09a4cd777dbe4bcce5ca9994.jpg,289.3610,3.4559,0
9999938_00000_d_0000321_jpg.rf.2ccda6d5b49371173539cb02f8539e1e.jpg,290.0240,3.4480,0
9999938_00000_d_0000323_jpg.rf.e608e354e1d69b5caf6639f5ced46306.jpg,289.0770,3.4593,0
9999938_00000_d_0000324_jpg.rf.6adbd4f21f0e71c8b8298c7bb95fd109.jpg,288.8500,3.4620,0
9999938_00000_d_0000325_jpg.rf.37c416c621b76bfc295780c1020c8565.jpg,288.6510,3.4644,2
9999938_00000_d_0000326_jpg.rf.de33f088d4321f9eedb035ad1bcce895.jpg,290.5950,3.4412,2
9999938_00000_d_0000327_jpg.rf.742f02aae20c65ebc044a9c81fd1e396.jpg,288.9010,3.4614,1
9999938_00000_d_0000328_jpg.rf.73b692521ea65e47bb8d438e11e1688b.jpg,290.7420,3.4395,1
9999938_00000_d_0000329_jpg.rf.71d7d006462f3d0153de23a79d57429f.jpg,290.1200,3.4468,1
9999938_00000_d_0000330_jpg.rf.96f0862c90e3cdbd58d95bb161ff0f8d.jpg,289.8540,3.4500,0
9999938_00000_d_0000331_jpg.rf.633a2596d565a8905e5b82618f440456.jpg,289.5120,3.4541,0
9999938_00000_d_0000332_jpg.rf.38e949914059f2a3b43fa9a27ff498be.jpg,289.6360,3.4526,1
9999938_00000_d_0000333_jpg.rf.18909b93c9c835cc79132385fec88563.jpg,290.3570,3.4440,0
9999938_00000_d_0000334_jpg.rf.b8dbbbeace5c4e2496115ffd5a112982.jpg,289.5820,3.4533,0
9999938_00000_d_0000335_jpg.rf.4f0d23de1f081831c8ecdc4504ace341.jpg,289.4290,3.4551,0
9999938_00000_d_0000336_jpg.rf.e36c0382a46be47578a075a0468d29b9.jpg,290.2200,3.4457,0
9999938_00000_d_0000337_jpg.rf.2a81b3843eeed682b3f1a076567432f5.jpg,289.4680,3.4546,0
9999938_00000_d_0000338_jpg.rf.a96164c9cf60c129ae6bf856048c8214.jpg,289.4460,3.4549,0
9999938_00000_d_0000339_jpg.rf.88e6fe78df8f143ea22cb25e36d99199.jpg,290.6350,3.4407,0
9999938_00000_d_0000340_jpg.rf.e3aea99665020ea7423fd26e614be990.jpg,289.6650,3.4523,0
9999938_00000_d_0000341_jpg.rf.97eb535acb116cbb03ad61b42f453cb1.jpg,289.9240,3.4492,0
9999938_00000_d_0000342_jpg.rf.ea61909e19f74f873bb6fcd212332750.jpg,289.5050,3.4542,1
9999938_00000_d_0000343_jpg.rf.83c63b49987e5c8cd6bcef3cb920f246.jpg,290.1700,3.4463,1
9999938_00000_d_0000344_jpg.rf.1395cfd721eee0c4cf92d5d54ee4577b.jpg,288.9610,3.4607,1
9999938_00000_d_0000345_jpg.rf.8885bc10690f16810cb29d0a7b566129.jpg,288.7760,3.4629,1
9999938_00000_d_0000346_jpg.rf.67f361a6867833c104da2189b1e27289.jpg,291.4790,3.4308,0
9999938_00000_d_0000347_jpg.rf.03b43312bf00a2acee5c1b3d6d14a60c.jpg,289.5010,3.4542,1
9999938_00000_d_0000348_jpg.rf.44a0de7bd240da95c01ab0ed9c23609c.jpg,289.7020,3.4518,0
9999938_00000_d_0000349_jpg.rf.2fccab912a91f64f7e80ff2a19458750.jpg,289.6130,3.4529,1
9999938_00000_d_0000350_jpg.rf.7f216c66ba9e58c287af8ab8ac440305.jpg,290.2180,3.4457,0
9999938_00000_d_0000351_jpg.rf.1b06572edce43f6817f162097aead19f.jpg,288.4280,3.4671,0
9999938_00000_d_0000352_jpg.rf.8cfa8c89db0ad170a607004b63441ad3.jpg,288.4230,3.4671,1
9999938_00000_d_0000353_jpg.rf.8a16aa89dc540d3f6dbd337cb1b258ab.jpg,289.6880,3.4520,0
9999938_00000_d_0000354_jpg.rf.7ff298019e5224f699d75b65b506f8c8.jpg,289.3520,3.4560,0
9999938_00000_d_0000355_jpg.rf.0948ad3a94d79ed2b2176d2e38c8d104.jpg,289.1770,3.4581,0
9999938_00000_d_0000356_jpg.rf.8769738db28852ce061f3383ec492250.jpg,289.7810,3.4509,0
9999938_00000_d_0000357_jpg.rf.d7594ffaa05a9d30b215f048f73df0b1.jpg,289.3810,3.4557,0
9999938_00000_d_0000358_jpg.rf.c7ac46fbfad9aae925ddb0baeee9225e.jpg,288.8780,3.4617,0
9999938_00000_d_0000359_jpg.rf.17a2f2ebb3d47d5b366eee47db556698.jpg,288.5330,3.4658,0
9999938_00000_d_0000360_jpg.rf.10e5f046e9db6d0d27b2ec983ec0a005.jpg,290.4730,3.4427,0
9999938_00000_d_0000363_jpg.rf.a566eaf98ec9cb97c2ac0aab245bf9e6.jpg,289.1290,3.4587,0
9999938_00000_d_0000364_jpg.rf.3e9cd0fa1332073bdc54fd85b3323e80.jpg,289.4100,3.4553,0
9999938_00000_d_0000367_jpg.rf.b9f88385821385ea6d922b6bf05d330f.jpg,289.9440,3.4489,0
9999938_00000_d_0000369_jpg.rf.2c3670e13940d1dd693573f2e72257e7.jpg,290.5600,3.4416,0
9999938_00000_d_0000372_jpg.rf.89631de5992e5456d3d0c7f42ab8a1aa.jpg,289.6910,3.4520,0
9999938_00000_d_0000374_jpg.rf.c2f999832d839c2c00170aca34974608.jpg,290.1900,3.4460,0
9999941_00000_d_0000001_jpg.rf.91ec8716a7a2a9bd682a649ae5250fc7.jpg,290.7780,3.4390,0
9999941_00000_d_0000002_jpg.rf.e97b3079bd1daae769fa503628050fdf.jpg,290.5310,3.4420,0
9999941_00000_d_0000003_jpg.rf.4399e3992c8605ff73d42f75fe1fb710.jpg,290.1430,3.4466,0
9999941_00000_d_0000004_jpg.rf.c1e8c33a785dc7f4950788fead185861.jpg,290.7380,3.4395,0
9999941_00000_d_0000005_jpg.rf.5acf2467eab9f4f67c3d2f5b0ecdeca4.jpg,290.0470,3.4477,0
9999941_00000_d_0000006_jpg.rf.5e25c205e9d6cdd2f357d9c70d9dd1a1.jpg,290.1670,3.4463,0
9999941_00000_d_0000007_jpg.rf.ae920d2899f3ae81910b9ffac6026d7c.jpg,290.4930,3.4424,0
9999941_00000_d_0000008_jpg.rf.7b0092302ef60d6d68b255bfc11d3636.jpg,290.3430,3.4442,0
9999941_00000_d_0000009_jpg.rf.11b2e181d9784dd77403604fda905155.jpg,289.4450,3.4549,0
9999941_00000_d_0000010_jpg.rf.6a78b5c649921e0e07db632f13dfd78f.jpg,288.6100,3.4649,0
9999941_00000_d_0000011_jpg.rf.a2ef97e66a334713eab2f92748dd5c94.jpg,290.3070,3.4446,0
9999941_00000_d_0000012_jpg.rf.c3e8df0e94f2fb144d6c6af14323409b.jpg,289.0180,3.4600,0
9999941_00000_d_0000013_jpg.rf.2d6112396703b2e1c3263f4438651b6b.jpg,288.6880,3.4639,0
9999941_00000_d_0000014_jpg.rf.ca2dff7715e9c872b2a763d611328983.jpg,290.3760,3.4438,0
9999941_00000_d_0000015_jpg.rf.d9ee2f611236d5c8ddb45fc1935ff4da.jpg,288.8160,3.4624,0
9999941_00000_d_0000016_jpg.rf.65398cd54fcf7eb6c24186dfc3cd94aa.jpg,289.8240,3.4504,3
9999941_00000_d_0000017_jpg.rf.b6b1c7e5abacaa85f9b200699e637f6a.jpg,288.9080,3.4613,0
9999941_00000_d_0000018_jpg.rf.83a9ea9054405606cf2f517696267660.jpg,290.1920,3.4460,0
9999941_00000_d_0000019_jpg.rf.d2ce9500bf22d01ee808de7951b2cd97.jpg,290.1000,3.4471,0
9999941_00000_d_0000020_jpg.rf.3d092532e41fb638125d957305861986.jpg,290.0810,3.4473,0
9999941_00000_d_0000021_jpg.rf.283f2972729e0948310b4d6bd3856b29.jpg,290.1120,3.4469,0
9999941_00000_d_0000022_jpg.rf.cd073118a1bd3272671cf9672ffe380f.jpg,289.7390,3.4514,0
9999941_00000_d_0000023_jpg.rf.e9823e1c25a70fb8e31d070aecebc79b.jpg,289.3710,3.4558,0
9999941_00000_d_0000024_jpg.rf.788baa1b9702b022f849815939d27016.jpg,290.6610,3.4404,0
9999941_00000_d_0000025_jpg.rf.b19085fcce1d270d733325051f70a264.jpg,289.6770,3.4521,0
9999941_00000_d_0000026_jpg.rf.6bcbdbc2924a032c3fd11efe02a697b7.jpg,289.4800,3.4545,0
9999941_00000_d_0000027_jpg.rf.8c97440743b9e8d92cdbfec6d2b6d970.jpg,289.5430,3.4537,0
9999941_00000_d_0000028_jpg.rf.1d7da1859ab469c162b76760d6186628.jpg,290.9250,3.4373,0
9999941_00000_d_0000029_jpg.rf.7c299e40a4c88f121b43061a9c98c6f2.jpg,289.4370,3.4550,0
9999941_00000_d_0000030_jpg.rf.d9e2e1d30b731db01967cb9b63fd6a1e.jpg,288.9710,3.4606,0
9999941_00000_d_0000031_jpg.rf.344f0f1596e443f8d0642eab40909c9d.jpg,290.2850,3.4449,0
9999941_00000_d_0000032_jpg.rf.0ff15d9b747fb18fcaf4164c6ab60e21.jpg,290.1900,3.4460,1
9999941_00000_d_0000033_jpg.rf.99589c7a06000146e73b7e2731b56913.jpg,289.3280,3.4563,1
9999941_00000_d_0000034_jpg.rf.e866137d772a13a8d2765f5b2b1c759e.jpg,289.8010,3.4506,0
9999941_00000_d_0000035_jpg.rf.b4254dd94e8199c8e7ce56b31cec95e2.jpg,290.4930,3.4424,0
9999944_00000_d_0000003_jpg.rf.2e2ee79326ab83ea446d04a36a1b2e06.jpg,289.3880,3.4556,8
9999944_00000_d_0000004_jpg.rf.208299e9878e1beb58c3ef687a97d1a4.jpg,289.0500,3.4596,6
9999947_00000_d_0000001_jpg.rf.bd11a92753b12dd8a183a4c2bf040fce.jpg,290.4090,3.4434,11
9999947_00000_d_0000002_jpg.rf.47dbcf1f4bb9fdff68f274fff1bc2df2.jpg,289.4660,3.4546,8
9999947_00000_d_0000003_jpg.rf.00fe0776f87f865332a09e0d1fa657ae.jpg,289.6240,3.4528,20
9999947_00000_d_0000004_jpg.rf.7dc8829a256c5ca7e51addaa9293bc5a.jpg,290.8860,3.4378,25
9999947_00000_d_0000005_jpg.rf.db4b3d6cef8b16620543daa1e8b45bcc.jpg,289.2520,3.4572,20
9999947_00000_d_0000006_jpg.rf.39f4a78643c930ecce83d380315ac610.jpg,289.4080,3.4553,10
9999947_00000_d_0000007_jpg.rf.2a178e82b667a9236bcce4ed10c4bcbc.jpg,288.9490,3.4608,15
9999947_00000_d_0000008_jpg.rf.b3fe15f464c9a4ccbc2f9959dfe238ad.jpg,290.5470,3.4418,48
9999947_00000_d_0000009_jpg.rf.88a808bf37079e841da7e3f9e6ba1b88.jpg,289.7340,3.4514,6
9999947_00000_d_0000010_jpg.rf.ec0d79c4e88ec78d54d496bcc07f5e07.jpg,289.4720,3.4546,6
9999947_00000_d_0000011_jpg.rf.ba41d34ce0d53ab793afb3583800825c.jpg,290.9990,3.4364,14
9999947_00000_d_0000012_jpg.rf.2fca8c8994ba635c1bdf182f4f75630d.jpg,289.6110,3.4529,6
9999947_00000_d_0000013_jpg.rf.14124c5be67669abf9bd620fb949381a.jpg,289.8090,3.4505,14
9999947_00000_d_0000014_jpg.rf.059e883ca48ad7780852ff0690c78a9a.jpg,289.6410,3.4525,15
9999947_00000_d_0000015_jpg.rf.7291e13013cb750134702a7baca5d386.jpg,291.4520,3.4311,9
9999947_00000_d_0000016_jpg.rf.ce2a149894b698a75eba2002dd890675.jpg,289.6330,3.4526,15
9999947_00000_d_0000017_jpg.rf.2da7c2b9a8970af2bfa2d3fe0d776993.jpg,289.3030,3.4566,11
9999947_00000_d_0000018_jpg.rf.df916cecaec8d212c8844abacf49ff90.jpg,290.8290,3.4384,3
9999947_00000_d_0000019_jpg.rf.bbec37c94931c4e5bf8b67747b29d89b.jpg,288.9900,3.4603,21
9999947_00000_d_0000020_jpg.rf.19e280061344e561d9701652abc96f78.jpg,289.4420,3.4549,14
9999947_00000_d_0000021_jpg.rf.84b6ec13bb60da0145f7d4069c72c72f.jpg,289.7330,3.4515,8
9999947_00000_d_0000022_jpg.rf.d0223cc3c5cf3e12fb1a6228b2f80e45.jpg,290.0470,3.4477,14
9999947_00000_d_0000023_jpg.rf.e3df06e8ff23b801463f96b4f8ca5c87.jpg,289.6210,3.4528,12
9999947_00000_d_0000024_jpg.rf.816e62a6deac6c08c3e3a2af6076cf9f.jpg,289.4210,3.4552,12
9999947_00000_d_0000025_jpg.rf.46628f473d3348fc9896a9837580eb9f.jpg,290.1790,3.4461,17
9999947_00000_d_0000026_jpg.rf.d222646c6a5e9455f358e8a9d2f63044.jpg,289.0070,3.4601,12
9999947_00000_d_0000027_jpg.rf.5353da52c566a76c21c60371c79a6481.jpg,289.6420,3.4525,20
9999952_00000_d_0000001_jpg.rf.15e2921401d1071381c95483191d3d0e.jpg,291.1230,3.4350,3
9999952_00000_d_0000002_jpg.rf.47971f9d57980d62750af40513f78981.jpg,290.2370,3.4455,0
9999952_00000_d_0000003_jpg.rf.ac984ee9b52cf8b21e0f81a232ac340f.jpg,289.8270,3.4503,0
9999952_00000_d_0000004_jpg.rf.f492cf6262479a5e3882a8e6dca500d7.jpg,289.9090,3.4494,0
9999952_00000_d_0000005_jpg.rf.20bb2575df228ae89a8c8aeb00778e2e.jpg,291.4140,3.4315,0
9999952_00000_d_0000008_jpg.rf.b60f438c535908ab75da45af870ddf23.jpg,292.6080,3.4175,0
9999952_00000_d_0000009_jpg.rf.afd6f3a7685f9a7900865201a8f19517.jpg,290.0960,3.4471,0
9999952_00000_d_0000010_jpg.rf.fa473a89d560fb7ee4733bde27a3163c.jpg,291.2680,3.4333,3
9999952_00000_d_0000011_jpg.rf.f5fcf57000506a09cd795ae59791f189.jpg,290.2490,3.4453,3
9999952_00000_d_0000012_jpg.rf.89fad228a3622e860e4054e5dd017a9c.jpg,289.9050,3.4494,2
9999952_00000_d_0000013_jpg.rf.22a39ef8cc2b36dfc5d58da5ea5f04ab.jpg,291.2430,3.4336,0
9999952_00000_d_0000014_jpg.rf.5f8b204d9584189fec5a24aca1c74d54.jpg,290.4550,3.4429,3
9999952_00000_d_0000015_jpg.rf.e8fdce68fc8604c8d419571b44b3d148.jpg,288.9770,3.4605,3
9999952_00000_d_0000016_jpg.rf.c07f23dabaa71a57d57003bb03294d21.jpg,289.4530,3.4548,0
9999952_00000_d_0000017_jpg.rf.5985a3fd80db13e7b80955b6b174a620.jpg,290.6110,3.4410,0
9999952_00000_d_0000018_jpg.rf.1884e6aab1e51df79d678c2da560b744.jpg,289.5930,3.4531,0
9999952_00000_d_0000019_jpg.rf.aa319d4205ece59c52fa8764053c228c.jpg,289.2910,3.4567,0
9999952_00000_d_0000020_jpg.rf.826d5b0a2abda1007b152a2be74f5a68.jpg,290.6200,3.4409,0
9999952_00000_d_0000022_jpg.rf.bd70490992ec8407b33fa82c544bb139.jpg,289.2460,3.4573,0
9999952_00000_d_0000023_jpg.rf.dfe01730ccca0793cfdd375dbb4c3f4b.jpg,289.1060,3.4589,0
9999952_00000_d_0000024_jpg.rf.1063674005ad7d39f78f4db33e16d413.jpg,289.0300,3.4598,0
9999952_00000_d_0000025_jpg.rf.d856f5ac03e0c912fd1f5c375bf2e801.jpg,290.4340,3.4431,0
9999952_00000_d_0000026_jpg.rf.4ab65d33846e68bce3a9e5de82ff3b8a.jpg,289.4640,3.4547,0
9999952_00000_d_0000027_jpg.rf.1ae172415ce95c8fc6094dd187793572.jpg,289.8540,3.4500,1
9999952_00000_d_0000030_jpg.rf.1d32247f3786d2feb1696f40219dbccf.jpg,290.3780,3.4438,0
9999952_00000_d_0000031_jpg.rf.93ea8f71bf840ab3ea428945b075fd9a.jpg,291.3340,3.4325,0
9999952_00000_d_0000032_jpg.rf.9f04824170287368dd63b80b26074204.jpg,289.5610,3.4535,0
9999952_00000_d_0000033_jpg.rf.edc5e39fd5411ced4d79d9686672d783.jpg,289.7890,3.4508,0
9999952_00000_d_0000034_jpg.rf.4c26674b9c199db611bc98345c746b2b.jpg,289.1320,3.4586,0
9999952_00000_d_0000036_jpg.rf.7d77fc0a95d79cbd775d4a3b600fc0a7.jpg,289.5990,3.4531,0
9999952_00000_d_0000037_jpg.rf.3d8fe35e7e942137fd839acdafdd9f79.jpg,289.6170,3.4528,0
9999952_00000_d_0000038_jpg.rf.b16bed2b62896aba7e7e6e5eeaf831a3.jpg,290.8080,3.4387,0
9999952_00000_d_0000039_jpg.rf.a1f92f82b2bb1e283750952c18642a7d.jpg,289.6120,3.4529,0
9999952_00000_d_0000041_jpg.rf.bc0a9aa6dbcecd8c7ff67834c967deb1.jpg,289.4930,3.4543,0
9999952_00000_d_0000043_jpg.rf.7e98d8ec471de5a63b26f8dea96db7ed.jpg,291.0540,3.4358,0
9999952_00000_d_0000048_jpg.rf.9b31e7aeb605c700550c08b6faf62234.jpg,290.0150,3.4481,0
9999952_00000_d_0000049_jpg.rf.879a43999106a609301c8e9aae8ddf55.jpg,290.0230,3.4480,2
9999952_00000_d_0000050_jpg.rf.d3a2abb18c2af81dc6342920bd0f07e9.jpg,290.3330,3.4443,0
9999952_00000_d_0000051_jpg.rf.610aa153ceea41b204de0f0e933076a5.jpg,291.5980,3.4294,0
9999952_00000_d_0000052_jpg.rf.6669560250a86d1aac56818db06f1daf.jpg,290.4630,3.4428,0
9999952_00000_d_0000056_jpg.rf.792ecfbcb1f4bfd6152a1d97f9c4e761.jpg,290.0670,3.4475,0
9999952_00000_d_0000057_jpg.rf.07540c2a7cb00f78aa5e039eb4ad6adf.jpg,291.1940,3.4341,0
9999952_00000_d_0000058_jpg.rf.0e5b51aa856e61aad633691436aae1df.jpg,289.3480,3.4560,0
9999952_00000_d_0000060_jpg.rf.a304eb2bb07b126c39c7b98817a805bd.jpg,289.2910,3.4567,0
9999952_00000_d_0000061_jpg.rf.8cafdca9398eadec40d56174c8146947.jpg,290.3400,3.4442,0
9999952_00000_d_0000062_jpg.rf.27fd1276badd80d103ad339aebae44b3.jpg,289.7100,3.4517,0
9999952_00000_d_0000064_jpg.rf.30f6d691b9a5adc8bfe00967776a5c7d.jpg,289.4700,3.4546,0
9999952_00000_d_0000066_jpg.rf.a570aec9f0ccc99278f205042debbcf4.jpg,289.4790,3.4545,0
9999952_00000_d_0000067_jpg.rf.60066917a434a258f20abd19cbafe38e.jpg,290.6260,3.4408,0
9999952_00000_d_0000068_jpg.rf.ab31a5537ccfa0db451916f00a5aa478.jpg,290.0910,3.4472,0
9999952_00000_d_0000069_jpg.rf.d590d2508e13b2a4e33b645c406d2830.jpg,290.2290,3.4456,0
9999952_00000_d_0000071_jpg.rf.cf1d5fb1f349362c79fbc6fd612c1e94.jpg,291.1990,3.4341,2
9999952_00000_d_0000072_jpg.rf.37e693e1d1e914135204a8930cc3c897.jpg,289.6100,3.4529,1
9999952_00000_d_0000073_jpg.rf.9689b64a62714f9883b45768907ce9fd.jpg,289.7600,3.4511,1
9999952_00000_d_0000079_jpg.rf.6d85a558bb4344c56b8ac5fc8d8344c3.jpg,290.8490,3.4382,0
9999952_00000_d_0000080_jpg.rf.c5fe76dbbae896ca92a9af29b564ec1d.jpg,291.8780,3.4261,0
9999952_00000_d_0000084_jpg.rf.4704ffd5bbd0599d167c4f946ee2976f.jpg,290.0410,3.4478,0
9999952_00000_d_0000088_jpg.rf.4a35ed066397d8b002e13076d129229e.jpg,289.7140,3.4517,0
9999952_00000_d_0000089_jpg.rf.c7e63d7d341b31f3c907c3122116c4a7.jpg,291.2640,3.4333,0
9999952_00000_d_0000092_jpg.rf.21bb11a868c87d631ede1349e7187895.jpg,289.8770,3.4497,0
9999952_00000_d_0000094_jpg.rf.b494a57108c960c51bf1c8b170928840.jpg,290.3760,3.4438,0
9999952_00000_d_0000095_jpg.rf.e4e27950e4ddf92630dba506a4afccb1.jpg,291.3250,3.4326,0
9999952_00000_d_0000096_jpg.rf.41ff23af059c76e7d32563b044ec17a3.jpg,290.2140,3.4457,0
9999952_00000_d_0000098_jpg.rf.cb360101419d45b2b108b8309e9aa20c.jpg,290.4380,3.4431,0
9999952_00000_d_0000101_jpg.rf.a82042959029e666007506261c47ac61.jpg,289.9090,3.4494,0
9999952_00000_d_0000102_jpg.rf.d446b41ecb929efd188a6bdfa9cede1f.jpg,290.8590,3.4381,0
9999952_00000_d_0000103_jpg.rf.194969be6a5df5e2eaeaa5ca6e580553.jpg,290.1800,3.4461,1
9999952_00000_d_0000104_jpg.rf.72da879055b00d12dc9a218c8619e005.jpg,290.3230,3.4444,0
9999952_00000_d_0000105_jpg.rf.7d957c7044335be981d8df17e3b2c865.jpg,291.2870,3.4330,0
9999952_00000_d_0000107_jpg.rf.55b9bac132eea4d26d89c06bf6fa27ed.jpg,290.5490,3.4418,0
9999952_00000_d_0000110_jpg.rf.d803288dcf7a307b41009509d5000b18.jpg,289.8740,3.4498,0
9999952_00000_d_0000111_jpg.rf.6088e63ebd59ff14d580f4cdac2007d1.jpg,289.9050,3.4494,0
9999952_00000_d_0000112_jpg.rf.ad844ebee397dae05bdb23c303c8f5bf.jpg,291.8570,3.4263,0
9999952_00000_d_0000115_jpg.rf.aa87259da4da2458971dc09f29366594.jpg,289.6260,3.4527,0
9999952_00000_d_0000116_jpg.rf.f062ca7933890387814ce621bcd4dfd3.jpg,289.1820,3.4580,1
9999952_00000_d_0000117_jpg.rf.12a256c33e642069ba74ddbb7fe5de16.jpg,291.5150,3.4304,0
9999952_00000_d_0000118_jpg.rf.6ff47a2b1be144c4b1ba1523ba5113c1.jpg,291.8450,3.4265,1
9999952_00000_d_0000119_jpg.rf.dfa939c046e3830bf56933db6bcd1bac.jpg,290.5170,3.4421,0
9999952_00000_d_0000120_jpg.rf.a5132eeae608a6641753a158e0abad42.jpg,290.8820,3.4378,0
9999952_00000_d_0000121_jpg.rf.d16105dac9ab288347d6fded63c3fed8.jpg,290.6440,3.4406,0
9999952_00000_d_0000122_jpg.rf.cf1cae69418b74e15be7c4fd27c57222.jpg,290.4750,3.4426,0
9999952_00000_d_0000124_jpg.rf.c553c74d7446c41a4164cfccdb85823f.jpg,290.5450,3.4418,1
9999952_00000_d_0000125_jpg.rf.95acb665f490a570e13bb946f0d029f3.jpg,291.1020,3.4352,0
9999952_00000_d_0000128_jpg.rf.a7e705bbdd1a4874df8d7085cc178fa2.jpg,290.3560,3.4440,0
9999952_00000_d_0000129_jpg.rf.e1fdb984033ec3fd69ff5dc522ee2691.jpg,289.4040,3.4554,0
9999952_00000_d_0000131_jpg.rf.4c7da22f44ccfefbdcb3cdbcc2027a97.jpg,290.3730,3.4438,0
9999952_00000_d_0000132_jpg.rf.ac1e6dc2c9f76b86e8b92a2a65c60021.jpg,289.7920,3.4508,0
9999952_00000_d_0000133_jpg.rf.d8c60815413b3b2b276fe0702538426c.jpg,289.8290,3.4503,0
9999952_00000_d_0000134_jpg.rf.30c7d938cd35b59114140918e29b2483.jpg,290.8400,3.4383,0
9999952_00000_d_0000135_jpg.rf.d60d6552651921c05176aa4859189087.jpg,290.1910,3.4460,0
9999952_00000_d_0000136_jpg.rf.7250199b6dabb9f411e5601e55c477d2.jpg,289.7250,3.4515,0
9999952_00000_d_0000137_jpg.rf.4ef3a813d129cace4fb23957e96fe083.jpg,290.0180,3.4481,0
9999952_00000_d_0000138_jpg.rf.94d06a1bc9fbbeeb004ac134cdc6d4cb.jpg,290.7650,3.4392,0
9999952_00000_d_0000139_jpg.rf.53b4908125b670c629034a1ef9f02ffe.jpg,289.9400,3.4490,0
9999952_00000_d_0000140_jpg.rf.50551e3f495a4d42b78492e8ee0bce72.jpg,290.7680,3.4392,0
9999952_00000_d_0000141_jpg.rf.086b82a3e3ef3bd06c1992eb97d87434.jpg,290.4880,3.4425,0
9999952_00000_d_0000142_jpg.rf.7d35d03ca237c75b2a7e70322af0decb.jpg,289.8530,3.4500,0
9999952_00000_d_0000143_jpg.rf.4d344e7634bfed74f28b0b8ba791f9b8.jpg,289.7210,3.4516,0
9999952_00000_d_0000148_jpg.rf.811f7e991f205d47daa41e3222862313.jpg,289.3860,3.4556,0
9999952_00000_d_0000149_jpg.rf.551c5784da4fb12e0ecee55867525833.jpg,291.6410,3.4289,0
9999952_00000_d_0000150_jpg.rf.08f81abe5e2ef77c712e19ae977bc8be.jpg,290.3410,3.4442,0
9999952_00000_d_0000151_jpg.rf.27e0e09a77c23dedf310b9b7cf9f0afe.jpg,290.3600,3.4440,0
9999952_00000_d_0000154_jpg.rf.8de65bba695cfc0628339917c8394074.jpg,291.9670,3.4250,0
9999952_00000_d_0000156_jpg.rf.eee54e2676dfd63e3eb823a37207ec48.jpg,290.5000,3.4423,0
9999952_00000_d_0000158_jpg.rf.f536a98e6e9050367fc3d7c3addac487.jpg,290.2190,3.4457,0
9999952_00000_d_0000159_jpg.rf.bd259a4f601f29d20721ddc62ccdff6f.jpg,291.4110,3.4316,0
9999952_00000_d_0000160_jpg.rf.58ca10431b36ccdb66e577a030a958bc.jpg,290.0800,3.4473,0
9999952_00000_d_0000161_jpg.rf.0aeae5955b1cc41613c883b79c385dc4.jpg,290.5680,3.4415,0
9999952_00000_d_0000162_jpg.rf.b86fdf594c8b7968caa1b3af1d45d049.jpg,289.7400,3.4514,0
9999952_00000_d_0000163_jpg.rf.f0ce6ad99005f6f100a637f3218a5ae2.jpg,290.5510,3.4417,1
9999952_00000_d_0000165_jpg.rf.35090d6a34bf0b32b0e42cb9053efec3.jpg,290.4010,3.4435,1
9999952_00000_d_0000168_jpg.rf.8988b322db6dd834f5f8589984a79748.jpg,289.7980,3.4507,0
9999952_00000_d_0000169_jpg.rf.fbaad335f29b0e6aadd09c5530ea07f7.jpg,292.9220,3.4139,0
9999952_00000_d_0000170_jpg.rf.64807c0ceb389e0fde6f8a37cf1090c5.jpg,290.3750,3.4438,0
9999952_00000_d_0000172_jpg.rf.141c1648f575323c9fb70c23e57517c5.jpg,290.0540,3.4476,0
9999952_00000_d_0000173_jpg.rf.064c5dd6f15b791053997b2c2979668c.jpg,290.1330,3.4467,0
9999952_00000_d_0000175_jpg.rf.eeb7633cd26964451504a3607a0f02d7.jpg,291.2600,3.4334,0
9999952_00000_d_0000177_jpg.rf.1c513dd7bcba732093b13ac35930d32d.jpg,290.1460,3.4465,0
9999952_00000_d_0000190_jpg.rf.4c58d3cc99ab4a4b56a20bed1b242b31.jpg,289.8540,3.4500,0
9999952_00000_d_0000192_jpg.rf.a2871453e89de19fcf8ae3a06e48b2e1.jpg,291.0720,3.4356,0
9999952_00000_d_0000193_jpg.rf.05c0481e46a23eab7c45404fde3a65a9.jpg,289.4590,3.4547,0
9999952_00000_d_0000194_jpg.rf.153abd1c46ca92473f8de96254e20c9e.jpg,290.1410,3.4466,0
9999952_00000_d_0000195_jpg.rf.d1cf001892511cbf0399c034ad10e9eb.jpg,290.3170,3.4445,0
9999952_00000_d_0000196_jpg.rf.485a80e6af81c9919b05daad520cd09e.jpg,289.9100,3.4493,0
9999952_00000_d_0000197_jpg.rf.9bf243cb7cb86caf539698887130e7c8.jpg,290.3920,3.4436,0
9999952_00000_d_0000199_jpg.rf.ffe3fe45c5ca5241045accb077267112.jpg,289.8900,3.4496,0
9999952_00000_d_0000201_jpg.rf.55739b08e75ca6501c979a77b9b01d36.jpg,290.4830,3.4425,0
9999952_00000_d_0000202_jpg.rf.3836ce22d200ef13a1226330cd033819.jpg,289.6350,3.4526,0
9999952_00000_d_0000212_jpg.rf.563241fda9ed0c3917c554917b73cb07.jpg,289.4420,3.4549,0
9999952_00000_d_0000214_jpg.rf.e621e7aa2eb5e6aeb445102c785f11d8.jpg,291.3230,3.4326,0
9999952_00000_d_0000216_jpg.rf.dcbe61309c077f3afc6847ec82d694d8.jpg,290.9510,3.4370,2
9999952_00000_d_0000217_jpg.rf.f03d9e896006893a922c8257f4c7ebd3.jpg,290.2400,3.4454,0
9999952_00000_d_0000218_jpg.rf.03a0915045d355e64000b68be4353561.jpg,290.2300,3.4455,1
9999952_00000_d_0000219_jpg.rf.a492ad7ba44b5522569536a8b08439c3.jpg,291.5650,3.4298,0
9999952_00000_d_0000220_jpg.rf.b04b880b84314ecdf8bd6966d02da96a.jpg,289.2960,3.4567,0
9999952_00000_d_0000221_jpg.rf.0e3fb6350546a9470db94790a9454207.jpg,290.1140,3.4469,0
9999952_00000_d_0000223_jpg.rf.982079ad92e0613f245c91bfa41b696d.jpg,290.3630,3.4440,0
9999952_00000_d_0000226_jpg.rf.15789436e5771b08d97f990657160851.jpg,289.3600,3.4559,0
9999952_00000_d_0000227_jpg.rf.edf6e6b4629588d7d009fc085d8d99ac.jpg,290.1650,3.4463,0
9999952_00000_d_0000228_jpg.rf.6c079b88fca70c2444ec84e36d400921.jpg,290.8120,3.4386,0
9999952_00000_d_0000229_jpg.rf.1c3f165a06921f15a95a7bea5bda658d.jpg,289.8560,3.4500,0
9999952_00000_d_0000230_jpg.rf.a2cbad1904f679be0e0a31ad9416df0e.jpg,289.8860,3.4496,1
9999952_00000_d_0000231_jpg.rf.670bcf199ac3c58963aa9dabece4d4ef.jpg,289.8930,3.4495,0
9999952_00000_d_0000232_jpg.rf.703385fbdf6fc8472def575af658a151.jpg,291.0580,3.4357,0
9999952_00000_d_0000233_jpg.rf.e9479f79eca6f09471a4b5ee6a4c80ca.jpg,290.1250,3.4468,0
9999952_00000_d_0000234_jpg.rf.6c91c01fa78933e9f2fe06b22087ebbb.jpg,290.1290,3.4467,0
9999952_00000_d_0000235_jpg.rf.5f08d1959cc54628e0eaa52d16c05332.jpg,290.8190,3.4386,0
9999952_00000_d_0000236_jpg.rf.8cf382f0fc9fd96f56384d66dc1f3732.jpg,289.1800,3.4581,0
9999952_00000_d_0000237_jpg.rf.a406749e7766566195c78c8b5f1b7793.jpg,289.1930,3.4579,0
9999952_00000_d_0000238_jpg.rf.d6d1a497eeeae70cacf720a4b6e542e6.jpg,289.8100,3.4505,0
9999952_00000_d_0000241_jpg.rf.d7f9b7065300b68734382ac405a789ba.jpg,290.4040,3.4435,0
9999952_00000_d_0000251_jpg.rf.84429f4c9a5d39cc6f2f214dbc937d02.jpg,288.8870,3.4616,0
9999952_00000_d_0000256_jpg.rf.a080f2455ebf7958af1e7deec5d4dc75.jpg,289.5810,3.4533,0
9999952_00000_d_0000258_jpg.rf.a889affa91e6216422f90a710da8a724.jpg,291.3490,3.4323,0
9999952_00000_d_0000260_jpg.rf.44f05941cff297c29731244dd557335f.jpg,289.0270,3.4599,0
9999952_00000_d_0000261_jpg.rf.5a207dcf06982051f1dfb388512e448b.jpg,289.0960,3.4591,1
9999952_00000_d_0000262_jpg.rf.32e9c82be48114fec4086b46f8bd7aef.jpg,290.7260,3.4397,0
9999952_00000_d_0000264_jpg.rf.bf93324dd258183771b594aaa1a39ed8.jpg,289.7870,3.4508,0
9999952_00000_d_0000265_jpg.rf.faa9c31880a2f8c70cf79bb46067dfe3.jpg,289.7680,3.4510,0
9999952_00000_d_0000267_jpg.rf.1371454af7446547e2dc7523e5bf1545.jpg,289.7790,3.4509,0
9999952_00000_d_0000269_jpg.rf.15f5f6f3f0c06c42ea2f6f1e38c85b91.jpg,290.6800,3.4402,0
9999952_00000_d_0000270_jpg.rf.33456e1b6712fe30fd4d9ee37608663a.jpg,289.7850,3.4508,0
9999952_00000_d_0000271_jpg.rf.0d97654f892cdf6cdd8728aad3d8ef0e.jpg,289.6980,3.4519,0
9999952_00000_d_0000272_jpg.rf.a1d50b3b3834f1b6fd7d76d30e0a531b.jpg,290.6620,3.4404,2
9999952_00000_d_0000273_jpg.rf.206f1c6d507dcbe93cd23aa9eb229169.jpg,289.6580,3.4523,0
9999952_00000_d_0000274_jpg.rf.8f5e5efa5bb26fdf064152ee04904723.jpg,289.6260,3.4527,2
9999952_00000_d_0000275_jpg.rf.967bd3fcafc04f0892eb47764c27e771.jpg,289.3900,3.4555,1
9999952_00000_d_0000276_jpg.rf.a699f8788f555c4ad0f805666bc946c4.jpg,290.5500,3.4417,0
9999952_00000_d_0000280_jpg.rf.d408fd37b3161e7b94eef10e7457168a.jpg,289.7430,3.4513,1
9999952_00000_d_0000282_jpg.rf.f93b54efdfa9ab7a600c45fe82850fbe.jpg,289.7030,3.4518,0
9999952_00000_d_0000283_jpg.rf.1fd6eadba012020f4ac06f705d8b7464.jpg,291.0200,3.4362,0
9999952_00000_d_0000284_jpg.rf.d1b8d24b042017dcea9d580ebf3c12af.jpg,289.2140,3.4576,0
9999952_00000_d_0000285_jpg.rf.12c716a0faf7cbb9b80f020a2dd4ba88.jpg,289.0590,3.4595,0
9999952_00000_d_0000286_jpg.rf.6ea1b520abdfded8562e7e1b685ac357.jpg,291.0800,3.4355,0
9999952_00000_d_0000287_jpg.rf.21adec3241e363e92dca32eb9792c5ef.jpg,290.4670,3.4427,0
9999952_00000_d_0000288_jpg.rf.378075664290d0180b34f25560271c62.jpg,289.0300,3.4598,0
9999952_00000_d_0000289_jpg.rf.12072224b67ddbd067d14c5dc37e1282.jpg,289.0900,3.4591,0
9999952_00000_d_0000290_jpg.rf.5d1b8599b45306e49df008bb685cb050.jpg,290.7270,3.4397,0
9999952_00000_d_0000291_jpg.rf.6cc21850d92b1272bf3260dfd2c1b537.jpg,289.4250,3.4551,0
9999952_00000_d_0000292_jpg.rf.baeb7b0149f53560acd392b5d4f9153c.jpg,289.8570,3.4500,0
9999952_00000_d_0000293_jpg.rf.c70ee0997b55c7119cacee1be56a8380.jpg,289.9570,3.4488,0
9999952_00000_d_0000294_jpg.rf.d090f7b387660a6ffb7a6086b734c014.jpg,289.7550,3.4512,0
9999952_00000_d_0000296_jpg.rf.3654bac84d8909767d0a16caf5b88447.jpg,290.6030,3.4411,0
9999952_00000_d_0000297_jpg.rf.d691c3f8364f4294380fd8aa5a1a5f91.jpg,290.5100,3.4422,0
9999952_00000_d_0000298_jpg.rf.2575ca0a98c5e6422b54c63cb9f7801c.jpg,291.3890,3.4318,0
9999952_00000_d_0000299_jpg.rf.ec3142151387b6636c5bd707c00327e6.jpg,289.5340,3.4538,0
9999952_00000_d_0000300_jpg.rf.0214c64b7b1d3f438503660aba96690d.jpg,289.5340,3.4538,0
9999952_00000_d_0000301_jpg.rf.29692a6acab574117b05e74bbba0de3c.jpg,290.2300,3.4455,0
9999952_00000_d_0000302_jpg.rf.5bfa871db43483577a459161b58ccbac.jpg,289.1310,3.4586,0
9999952_00000_d_0000303_jpg.rf.9225e41b60dec776a4d6413bc92c4417.jpg,289.3160,3.4564,0
9999952_00000_d_0000304_jpg.rf.37ba7e17723d495e55b7bee06411a09f.jpg,291.0140,3.4363,0
9999952_00000_d_0000307_jpg.rf.37043cb867a6f327ff23738f2f5ebea8.jpg,289.5080,3.4541,0
9999952_00000_d_0000308_jpg.rf.0ab1b38d7e937111737e26cb22ee1298.jpg,288.8770,3.4617,0
9999952_00000_d_0000310_jpg.rf.e9c91b78a821e8c8d0fc1d9a3b68f461.jpg,289.0800,3.4593,0
9999952_00000_d_0000311_jpg.rf.14a03cf9fd2bef0821022e2e53dca6d3.jpg,291.9970,3.4247,0
9999952_00000_d_0000312_jpg.rf.5274cc9ee2fc15ae299d946f3ffe6507.jpg,289.2270,3.4575,0
9999952_00000_d_0000313_jpg.rf.34223ea4bff3ea4291dc47db6c3f5b6e.jpg,289.0120,3.4601,0
9999952_00000_d_0000314_jpg.rf.cbd805dda336a01a2a0b6ebb3061b35e.jpg,289.6140,3.4529,0
9999952_00000_d_0000315_jpg.rf.1d1830b5eb0d3257927e853f864daf8e.jpg,289.7550,3.4512,0
9999952_00000_d_0000316_jpg.rf.cbcdbbcf17a73ed0cf9e157b763a3aef.jpg,289.3870,3.4556,0
9999952_00000_d_0000317_jpg.rf.9b67149d5115febceb3b7081e46e5358.jpg,289.3770,3.4557,0
9999952_00000_d_0000318_jpg.rf.b93e4333edf6c06766fe1d96ddf108ed.jpg,290.3710,3.4439,0
9999952_00000_d_0000320_jpg.rf.2bee19f7e90f21724a5d836a3c8baae1.jpg,289.2880,3.4568,1
9999952_00000_d_0000321_jpg.rf.b5fc52d1bd79abdf2199a9558fd28310.jpg,290.1800,3.4461,0
9999952_00000_d_0000322_jpg.rf.c8d9eead89c9b46c0f9fce2c06e34f3c.jpg,291.4380,3.4313,2
9999952_00000_d_0000323_jpg.rf.a8de5d587ada96a91c9faa4d9de91da8.jpg,289.5880,3.4532,3
9999952_00000_d_0000324_jpg.rf.08a26659f19332622b48bc10d97a6e0e.jpg,289.5670,3.4534,0
9999952_00000_d_0000325_jpg.rf.a0a0fe1e9a3160ed9f8ba2a4abf3d096.jpg,289.6920,3.4519,3
9999952_00000_d_0000326_jpg.rf.8069e9a3d8f3eb3fbc10687a5c5d5919.jpg,289.8330,3.4503,2
9999952_00000_d_0000327_jpg.rf.fd36ce49777507999de2da5720b64a55.jpg,290.2660,3.4451,0
9999952_00000_d_0000329_jpg.rf.47b459955820ab247840045094e26db8.jpg,289.8410,3.4502,0
9999952_00000_d_0000330_jpg.rf.f1356b3241d23cf6e5d97b4d0f88c4b9.jpg,290.8170,3.4386,1
9999952_00000_d_0000332_jpg.rf.8dfba78738c5653771d8c2a2ac7832b0.jpg,289.7030,3.4518,0
9999952_00000_d_0000333_jpg.rf.8924c20d8de96f4333949bd184643720.jpg,289.7120,3.4517,0
9999952_00000_d_0000334_jpg.rf.54716b36579eb68acc6d7232936ff494.jpg,290.5380,3.4419,0
9999952_00000_d_0000335_jpg.rf.d5cacda76fa845a0c3c2c5a758c31ddf.jpg,290.4960,3.4424,0
9999952_00000_d_0000336_jpg.rf.b99b0646199fda6959c8e9e56a698356.jpg,289.3090,3.4565,0
9999952_00000_d_0000337_jpg.rf.8b76e32474608c3f53d6ba4256434e4e.jpg,289.7100,3.4517,1
9999952_00000_d_0000339_jpg.rf.957eeeabbc8852f70835bfe92e71c771.jpg,290.0060,3.4482,1
9999952_00000_d_0000340_jpg.rf.ba7579572f2e1b8db7cede2d2f2e3c73.jpg,290.1570,3.4464,0
9999952_00000_d_0000341_jpg.rf.00ac11ba9b4d9a20f8d42719e9146de3.jpg,290.2100,3.4458,0
9999952_00000_d_0000342_jpg.rf.51b2f83bc01f4be72d1899335fff9a3c.jpg,290.3560,3.4440,0
9999952_00000_d_0000343_jpg.rf.5ac70c880bc734cf9e4e3c7f487a1aee.jpg,292.8820,3.4143,0
9999952_00000_d_0000344_jpg.rf.8fb605b8d50e4e3c31f262348842a660.jpg,290.3420,3.4442,1
9999952_00000_d_0000345_jpg.rf.ea2d13313eb4dd7a6784f364aa0137f3.jpg,290.4060,3.4435,0
9999963_00000_d_0000001_jpg.rf.d5522c5947e53908d8eb794173940187.jpg,290.4860,3.4425,4
9999963_00000_d_0000002_jpg.rf.b70f6616acc6067aff0803fb0954a66e.jpg,290.1340,3.4467,2
9999963_00000_d_0000003_jpg.rf.eb4b75f01f27135958114a410f83ce08.jpg,289.9460,3.4489,2
9999963_00000_d_0000004_jpg.rf.b811dc68cb68ed27f978d61a851d6525.jpg,290.6510,3.4406,3
9999963_00000_d_0000005_jpg.rf.7de8dfede7965e068237bcd9cfa2f4ed.jpg,289.7150,3.4517,1
9999963_00000_d_0000006_jpg.rf.e742da8ce9f28146ae0184a17f330a93.jpg,289.6210,3.4528,8
9999963_00000_d_0000007_jpg.rf.efda4e3545285447af3b25a36eea9c1d.jpg,291.0570,3.4358,6
9999963_00000_d_0000008_jpg.rf.00f10e86ec0f5e5cb081c689a8f88c66.jpg,289.7780,3.4509,5
9999963_00000_d_0000009_jpg.rf.938d0cac04e686ebd3ce40936cacf5a9.jpg,288.9240,3.4611,12
9999963_00000_d_0000010_jpg.rf.09de2e3279e9c5f1a825a5641056d725.jpg,289.2430,3.4573,2
9999963_00000_d_0000011_jpg.rf.f551212f309fb3857f40ed995170e249.jpg,291.3970,3.4317,7
9999963_00000_d_0000012_jpg.rf.c3efda27355985c7cdeb76069e8fedb2.jpg,289.6410,3.4525,4
9999963_00000_d_0000013_jpg.rf.99e1a7acf7e620ac940c307f813d00c6.jpg,288.8310,3.4622,7
9999963_00000_d_0000014_jpg.rf.7076a2d2d90c7b8d2d2b10f3a82acd64.jpg,289.8030,3.4506,9
9999963_00000_d_0000015_jpg.rf.ff12e37065282e49b4a92c2a665d7f18.jpg,289.6540,3.4524,7
9999963_00000_d_0000016_jpg.rf.cbc14a99625c426d5d34b027de5c0648.jpg,290.4490,3.4429,2
9999963_00000_d_0000017_jpg.rf.bbd643c9975d940984cbb7ba68d4fadc.jpg,291.3420,3.4324,6
9999963_00000_d_0000018_jpg.rf.b1917c84fc8ac2dce8b2b154b252f9b9.jpg,290.1250,3.4468,3
9999963_00000_d_0000019_jpg.rf.b59a36b37b328767dd3924cab3735e35.jpg,289.9740,3.4486,2
9999963_00000_d_0000020_jpg.rf.343d2f4aab76abcacbb435cea72a518a.jpg,289.2190,3.4576,7
9999963_00000_d_0000021_jpg.rf.1b55a9d15d538089125fd83fb3fa88fc.jpg,290.1040,3.4470,9
9999963_00000_d_0000022_jpg.rf.a1343ace485c66d0b553bb11dd736694.jpg,289.6400,3.4526,7
9999963_00000_d_0000023_jpg.rf.f3338fae58518162ff1f264de25c5f9e.jpg,289.5100,3.4541,5
9999963_00000_d_0000024_jpg.rf.2464fc8f534a32950d3bcb0a381ec36e.jpg,290.5380,3.4419,2
9999963_00000_d_0000025_jpg.rf.9f30f3a5ceec61c15fe20b1b7b2f86f0.jpg,289.3220,3.4564,5
9999963_00000_d_0000026_jpg.rf.2a6370c2d41287c38c344d0f2a1c9c5a.jpg,289.2360,3.4574,10
9999963_00000_d_0000027_jpg.rf.e813caf930d1aac908737b42999f24ca.jpg,289.3040,3.4566,4
9999963_00000_d_0000028_jpg.rf.fba94044745d5374aabd638c7f0da05e.jpg,290.3170,3.4445,3
9999963_00000_d_0000029_jpg.rf.0656f80fd25475d0d75cbb47e8a38379.jpg,289.5260,3.4539,3
9999963_00000_d_0000030_jpg.rf.8968cf1f8ba1b120c0d40f1441cd6323.jpg,289.1340,3.4586,4
9999963_00000_d_0000031_jpg.rf.c60195cede3f4ba7ba77a163864bd1d1.jpg,290.8890,3.4377,3
9999963_00000_d_0000032_jpg.rf.6693199d73763f707e4c04719cbf3dc8.jpg,289.1810,3.4580,5
9999963_00000_d_0000033_jpg.rf.294b0498f5959d7fffa5dc53f94cea4a.jpg,289.4370,3.4550,0
9999963_00000_d_0000034_jpg.rf.4f972b1e5446c225800f4837bd06ee89.jpg,294.3660,3.3971,4
9999963_00000_d_0000035_jpg.rf.10773d28c0b61d0d08d097587b726e9a.jpg,289.8420,3.4502,1
9999963_00000_d_0000036_jpg.rf.1adf8fc092111d7f442de7399a6b6a5c.jpg,289.4400,3.4549,9
9999963_00000_d_0000037_jpg.rf.922060dae61c63c14048760d05335d46.jpg,289.6180,3.4528,17
9999963_00000_d_0000038_jpg.rf.98864664ccaba83827a7849223a0d8da.jpg,290.0030,3.4482,13
9999963_00000_d_0000039_jpg.rf.7b9b420e0c4732522f72a8c50ed9d44c.jpg,289.4480,3.4549,7
9999963_00000_d_0000040_jpg.rf.5936fb03375baaae266f40e8c797e1e7.jpg,288.9660,3.4606,16
9999963_00000_d_0000041_jpg.rf.d5a7174f2abd25b1883ed201b701fda7.jpg,290.6220,3.4409,7
9999963_00000_d_0000042_jpg.rf.62bde5b70d8df63dc9d4763f61bf6da4.jpg,289.6940,3.4519,2
9999963_00000_d_0000043_jpg.rf.7356a9274cf36676b9353edc7e7c29be.jpg,289.8360,3.4502,2
9999963_00000_d_0000044_jpg.rf.cdab037c1394cab2d2f045a7ee625fda.jpg,290.2470,3.4453,6
9999963_00000_d_0000045_jpg.rf.6e3bca66f03671f6d72f762eba36636a.jpg,290.4680,3.4427,6
9999963_00000_d_0000046_jpg.rf.72e12db6580c2c37b15ca6ee5f1a1261.jpg,289.9630,3.4487,10
9999963_00000_d_0000047_jpg.rf.c8bcf83be97a2582b6bafa8d31fa6bd8.jpg,289.9800,3.4485,4
9999963_00000_d_0000048_jpg.rf.6a7ab27a7a263be737a748e764610ca6.jpg,291.0380,3.4360,4
9999963_00000_d_0000049_jpg.rf.aa3b7530e76f07124d0f7f7a7bb7c648.jpg,289.7760,3.4509,0
9999963_00000_d_0000050_jpg.rf.154734654a4baeb08e53a1d2c77592e9.jpg,290.1470,3.4465,3
9999963_00000_d_0000051_jpg.rf.9b60d5511dd96ffef17dc16bc41c4b70.jpg,290.6560,3.4405,18
9999963_00000_d_0000052_jpg.rf.b16e2e66a787fe37075a847cb1aa8720.jpg,290.2260,3.4456,1
9999963_00000_d_0000053_jpg.rf.436fafa1159cb4f7ad5343c0ad759b45.jpg,290.1760,3.4462,2
9999963_00000_d_0000054_jpg.rf.c7140715fcb907bd76fdf9dacf7f6aff.jpg,290.0170,3.4481,10
9999963_00000_d_0000055_jpg.rf.755c48dd8b7fce329231f7d3f45db927.jpg,291.3000,3.4329,5
9999963_00000_d_0000056_jpg.rf.5b3f9c0d5b6fa1947d414ae7bed4a13d.jpg,290.2300,3.4455,8
9999963_00000_d_0000057_jpg.rf.61f5c2f2198905172460302a5d384b4a.jpg,290.4440,3.4430,4
9999963_00000_d_0000058_jpg.rf.1a874d43e1700df6a3ccb59ee3342c70.jpg,291.5630,3.4298,3
9999963_00000_d_0000059_jpg.rf.cb8ae6341f0a26aa1fde8425de7eeac9.jpg,290.2060,3.4458,6
9999963_00000_d_0000060_jpg.rf.a5c46be84ca044b93fd4750698000019.jpg,289.5530,3.4536,2
9999963_00000_d_0000061_jpg.rf.c6d84610ede60b48d55a613500d5d289.jpg,289.7740,3.4510,1
9999963_00000_d_0000062_jpg.rf.daedd421446a5539d1568f8358f336da.jpg,290.5890,3.4413,0
9999963_00000_d_0000063_jpg.rf.90ccb82f821ae446af750d6ea29aebef.jpg,289.9140,3.4493,1
9999963_00000_d_0000064_jpg.rf.8792b326e27ba39ae379db818a605c86.jpg,289.6190,3.4528,1
9999963_00000_d_0000065_jpg.rf.108f3c07fde87b034782cfc8eea62f3b.jpg,290.4800,3.4426,0
9999963_00000_d_0000066_jpg.rf.97f4a82fa2b9c8db239387e3087fcb7e.jpg,289.7780,3.4509,0
9999963_00000_d_0000067_jpg.rf.ee707c529d1f60f7d6f79d8292df203a.jpg,289.4580,3.4547,0
9999963_00000_d_0000068_jpg.rf.e97150f9090f68a23eaceb4e6692b31c.jpg,290.3560,3.4440,2
9999963_00000_d_0000069_jpg.rf.f3ef68934a52f1813203d63d04cdb20d.jpg,289.9400,3.4490,0
9999963_00000_d_0000070_jpg.rf.af8b1349fc92443fc61a94d561531166.jpg,289.7400,3.4514,0
9999963_00000_d_0000071_jpg.rf.e6f64591e8ffcd729efb037866eb8922.jpg,289.6300,3.4527,2
9999963_00000_d_0000072_jpg.rf.a927401cad1ca5c0fbf681db5e80079c.jpg,291.1060,3.4352,4
9999963_00000_d_0000074_jpg.rf.d17c3d1e20f4134164c90d459b959c66.jpg,289.2220,3.4576,8
9999963_00000_d_0000075_jpg.rf.5c05d06831a1388eaa3b594b6210888a.jpg,289.2960,3.4567,5
9999963_00000_d_0000076_jpg.rf.7f3ffc91d4d986ae9b89214424d55a74.jpg,289.6430,3.4525,4
9999971_00000_d_0000001_jpg.rf.c4321334ad8843218690f4f07494d247.jpg,289.0170,3.4600,9
9999973_00000_d_0000001_jpg.rf.fd5f356cb9f21da544482bf0004018a2.jpg,288.8050,3.4625,1
9999973_00000_d_0000002_jpg.rf.0a322e24b2191ffbbeba96b4e0d89996.jpg,289.3430,3.4561,0
9999973_00000_d_0000003_jpg.rf.04a864c5be79a1fe36ddab8fb93e5753.jpg,289.7710,3.4510,0
9999973_00000_d_0000004_jpg.rf.dbd4319207315912f3c7bdaa159832ea.jpg,288.9050,3.4613,0
9999973_00000_d_0000005_jpg.rf.0b1850faa43ad4f63d52c859531c9f34.jpg,289.3600,3.4559,0
9999973_00000_d_0000006_jpg.rf.e617617acbac150e6e5228cb236a4b9f.jpg,289.7190,3.4516,0
9999973_00000_d_0000007_jpg.rf.77ab629208367ae178728161c22134d8.jpg,289.5300,3.4539,0
9999973_00000_d_0000008_jpg.rf.32ccb8e81568246e988967dbde9ff1ad.jpg,289.4490,3.4548,0
9999973_00000_d_0000010_jpg.rf.59354b486e71b925cea7ad8074c4c199.jpg,289.9260,3.4492,0
9999973_00000_d_0000011_jpg.rf.539d5768c213c529aaa1f9c1d971432c.jpg,289.8740,3.4498,0
9999973_00000_d_0000012_jpg.rf.7eb93621b05d7c9a11a6b45bdd604432.jpg,289.5940,3.4531,1
9999973_00000_d_0000013_jpg.rf.22afb82c8bea94c451db31aa2345a867.jpg,289.6590,3.4523,0
9999973_00000_d_0000014_jpg.rf.67e2fc554269e19803e0e5031bde2ca8.jpg,290.7850,3.4390,0
9999973_00000_d_0000015_jpg.rf.e5b28ae89d460145688e07f8968696c4.jpg,288.7610,3.4631,0
9999973_00000_d_0000016_jpg.rf.4d481f2b76cf348ca65553c22e5cf538.jpg,288.9060,3.4613,0
9999973_00000_d_0000017_jpg.rf.a94c2c67e394bb9f2cf48fd7ef9a0021.jpg,291.0790,3.4355,0
9999973_00000_d_0000018_jpg.rf.bdfefa0b5e0b27dbec0f6cec901e7d2c.jpg,289.0840,3.4592,0
9999973_00000_d_0000019_jpg.rf.595bfcbb4e177b94dc8f263068674927.jpg,288.8380,3.4621,0
9999973_00000_d_0000020_jpg.rf.dd82fff031f2d2ffd473aabd8645ca24.jpg,289.1070,3.4589,0
9999973_00000_d_0000021_jpg.rf.fc3eef960e5b72b722e789fb59eda0fa.jpg,290.0150,3.4481,0
9999973_00000_d_0000022_jpg.rf.112389c15bed9e11260b4eb6cfad21aa.jpg,288.5520,3.4656,0
9999973_00000_d_0000023_jpg.rf.de608e160fa0498663a1a5c59e955841.jpg,288.9470,3.4608,0
9999973_00000_d_0000025_jpg.rf.4e4ac016c84574566119dc74a6c07319.jpg,291.1530,3.4346,0
9999973_00000_d_0000026_jpg.rf.57a6879159c939321c4bc42261818a8d.jpg,289.3530,3.4560,1
9999973_00000_d_0000027_jpg.rf.0519d3b45d187927fcad9e8b8a1fbb3c.jpg,289.5070,3.4541,2
9999973_00000_d_0000028_jpg.rf.a0ff5cc4afff200d9d2b99737d199bd7.jpg,291.0500,3.4358,1
9999973_00000_d_0000029_jpg.rf.558184fe5d036ba835d6b40b1315d696.jpg,290.6230,3.4409,0
9999973_00000_d_0000030_jpg.rf.616f1acb77329d9a75ccd53167b39aec.jpg,290.1480,3.4465,0
9999973_00000_d_0000031_jpg.rf.284a64a6207987a77479e68b875819f2.jpg,290.1110,3.4470,0
9999973_00000_d_0000032_jpg.rf.4e2910cd39643f02909072c471f8431c.jpg,290.7760,3.4391,0
9999973_00000_d_0000033_jpg.rf.cf478da9572dfe2a59bf54f33bba01c1.jpg,289.8680,3.4498,0
9999973_00000_d_0000034_jpg.rf.ced33850ebe2907613e64bee7fa1c3dc.jpg,289.8340,3.4503,0
9999973_00000_d_0000035_jpg.rf.f1384e0c7e8fe9fb46d156cfffc1f508.jpg,291.8580,3.4263,0
9999973_00000_d_0000036_jpg.rf.786fddfa26af476141194b9e331c345e.jpg,290.2480,3.4453,0
9999973_00000_d_0000037_jpg.rf.66ef1e64fd2e897f12d1686fc1a8c0a4.jpg,290.0940,3.4472,0
9999973_00000_d_0000038_jpg.rf.8ee4c6bacf6269093c0b4c25e6256312.jpg,290.7410,3.4395,0
9999973_00000_d_0000039_jpg.rf.5e80b26427df382b10d90b90844dcbcc.jpg,290.5360,3.4419,0
9999973_00000_d_0000040_jpg.rf.28996793754d4bdc61ce9a7a1d174346.jpg,290.1270,3.4468,0
9999973_00000_d_0000041_jpg.rf.63033bfd0371d55f14975d12598b9daa.jpg,289.9350,3.4490,0
9999973_00000_d_0000042_jpg.rf.783d0a6ab41d5c194439edcde26b5fb7.jpg,291.2940,3.4330,0
9999973_00000_d_0000043_jpg.rf.ab6ec9cc4c4b88db443cba703148dc02.jpg,290.3210,3.4445,0
9999973_00000_d_0000044_jpg.rf.2a74db200edcf48d22800433574410a1.jpg,290.1530,3.4465,1
9999973_00000_d_0000045_jpg.rf.07fa899e659cfe467d0b5c49e2385a25.jpg,291.6880,3.4283,1
9999973_00000_d_0000046_jpg.rf.e62f3029378301edf2a04bd90bbbfe78.jpg,289.5850,3.4532,0
9999973_00000_d_0000047_jpg.rf.98d3aee325242b31720b090220ccea30.jpg,289.8600,3.4499,0
9999973_00000_d_0000048_jpg.rf.1b1f5369446c545bff7d8fd06d7d042d.jpg,289.7010,3.4518,0
9999973_00000_d_0000049_jpg.rf.ad909b5cebc95f0ec13a533b5820517e.jpg,291.3670,3.4321,0
9999973_00000_d_0000050_jpg.rf.25e22e60623c9f59cadb7f13c0e01d9c.jpg,289.7970,3.4507,0
9999973_00000_d_0000051_jpg.rf.3f6dfa38ce201b37152471a5dcf7cb51.jpg,289.9010,3.4495,1
9999973_00000_d_0000052_jpg.rf.ac08a05fa176a9acab74cda14d51a3ad.jpg,290.6350,3.4407,0
9999973_00000_d_0000057_jpg.rf.c6e7cfb773e7c2284a6812b7b27d8294.jpg,290.1450,3.4466,0
9999973_00000_d_0000058_jpg.rf.b17ccb52b027b368ee4e4c1065fa4bb8.jpg,289.2880,3.4568,2
9999973_00000_d_0000059_jpg.rf.87b91e93295c9584cb0664c80a62e9a2.jpg,290.3360,3.4443,0
9999973_00000_d_0000060_jpg.rf.affdbce33e4ef2bd514a8a7eb58b8a23.jpg,289.7340,3.4514,0
9999973_00000_d_0000061_jpg.rf.7d1fc833b71edbaf49121d6d0cd747b0.jpg,289.4640,3.4547,0
9999973_00000_d_0000062_jpg.rf.357156ec644a742289282e41242077ba.jpg,289.5110,3.4541,0
9999973_00000_d_0000063_jpg.rf.50fa5f66f5465714dc5e59d07fe9c78d.jpg,291.1140,3.4351,0
9999973_00000_d_0000064_jpg.rf.ec8879f46d97d8f7687ee314c30627c3.jpg,289.4120,3.4553,0
9999973_00000_d_0000066_jpg.rf.3be0ddb411d3f24064b305f8c4b65413.jpg,289.7060,3.4518,0
9999973_00000_d_0000067_jpg.rf.4f7da26e88e6518568a9ef7053039e14.jpg,290.8780,3.4379,1
9999973_00000_d_0000068_jpg.rf.0f045f49caa36a9c4c40ec586773defc.jpg,289.6830,3.4520,0
9999973_00000_d_0000069_jpg.rf.ffd52b0aa79ccabb41c6922bbea129b0.jpg,290.3370,3.4443,0
9999973_00000_d_0000071_jpg.rf.554da8233d5ec0f0c7c465e2501c1574.jpg,289.6560,3.4524,0
9999973_00000_d_0000072_jpg.rf.f990ad66b1c1130e24e039d71c8fd68c.jpg,290.8770,3.4379,2
9999973_00000_d_0000073_jpg.rf.32ad5a3b88460c44ec19d3cbed40cf6f.jpg,289.4120,3.4553,2
9999973_00000_d_0000074_jpg.rf.0d25afaeecc59230c7bf6419eeee925c.jpg,289.3600,3.4559,0
9999973_00000_d_0000075_jpg.rf.e6dac522a5c2c025f8a0f1db2d4e883a.jpg,290.5390,3.4419,0
9999973_00000_d_0000076_jpg.rf.e740bca36ebaf3d82b6202878a3b5c0d.jpg,289.6040,3.4530,0
9999973_00000_d_0000077_jpg.rf.32ead30776df2ee2e88931ec599007c6.jpg,288.9810,3.4604,1
9999973_00000_d_0000078_jpg.rf.7747dc936778fce4c93e11e2b2a172f0.jpg,290.2050,3.4458,0
9999973_00000_d_0000079_jpg.rf.556dd440066edba3b94258918c5c135c.jpg,289.3120,3.4565,0
9999973_00000_d_0000080_jpg.rf.f8dbd6a13b05a05a26b281f0881a30e6.jpg,289.1950,3.4579,1
9999973_00000_d_0000081_jpg.rf.2caf1727519f523d050246221601388b.jpg,289.3040,3.4566,0
9999973_00000_d_0000082_jpg.rf.c7690851cb189f5f18795d690e55d939.jpg,290.3150,3.4445,0
9999973_00000_d_0000083_jpg.rf.da44f2189c58771e49bb2834bbd778b4.jpg,288.9370,3.4610,0
9999973_00000_d_0000084_jpg.rf.723ef265d8675fa0d0b0b0b41fb29cc3.jpg,288.5390,3.4657,1
9999973_00000_d_0000085_jpg.rf.f8a65a1302244de58398114ef136d1cb.jpg,291.0280,3.4361,3
9999973_00000_d_0000086_jpg.rf.6521851f58a1cfcb10ba8151436e23a5.jpg,289.2480,3.4572,0
9999973_00000_d_0000087_jpg.rf.31fb79ec8025bb7e9f5349a0a22efeee.jpg,289.9550,3.4488,0
9999973_00000_d_0000090_jpg.rf.9fb694859820e2a8333966b8e59cb29b.jpg,290.3560,3.4440,0
9999973_00000_d_0000091_jpg.rf.c6270d1db871a776554022dd6ec8d668.jpg,291.2070,3.4340,0
9999973_00000_d_0000092_jpg.rf.3d026b270487d2b265429417edefe321.jpg,289.3030,3.4566,0
9999973_00000_d_0000093_jpg.rf.0d5e0207fdd2c3ba0b33fd5dc0c032ba.jpg,289.4710,3.4546,0
9999973_00000_d_0000094_jpg.rf.70cc8c585c33f283ee2297e777a519b9.jpg,289.9150,3.4493,0
9999973_00000_d_0000095_jpg.rf.c1de534a9b6d2a33a30cd78e3c662394.jpg,289.5410,3.4537,0
9999973_00000_d_0000096_jpg.rf.7eb6f4b661e0926001d463e1319bb474.jpg,288.9500,3.4608,0
9999973_00000_d_0000097_jpg.rf.f34af70a62cad5283fd21720b8166934.jpg,290.0300,3.4479,0
9999973_00000_d_0000098_jpg.rf.4e0a81c213232d450dabd0a2d778f205.jpg,288.7510,3.4632,0
9999973_00000_d_0000099_jpg.rf.205f34b298654405589e361701e84378.jpg,289.1060,3.4589,0
9999973_00000_d_0000100_jpg.rf.a44778b7fb16e4af76604be2e84902fc.jpg,288.8650,3.4618,0
9999973_00000_d_0000101_jpg.rf.3ebe75e43b6111ce706929eccfb9869e.jpg,290.0940,3.4472,0
9999973_00000_d_0000102_jpg.rf.91bae6946a2a6324d31e10feca549ccc.jpg,289.4290,3.4551,1
9999973_00000_d_0000103_jpg.rf.495d4f02ae0ce4e6edce194267f08677.jpg,289.3040,3.4566,0
9999973_00000_d_0000104_jpg.rf.9f13a9522c67298e0fecd9a08e8d87b3.jpg,290.5390,3.4419,0
9999973_00000_d_0000105_jpg.rf.f305bacbef37c3de0c62a3a14e3da1a6.jpg,289.1200,3.4588,0
9999973_00000_d_0000106_jpg.rf.0ed3dbdc90bf485ea6d37b98b2ea13a9.jpg,288.6720,3.4641,0
9999973_00000_d_0000107_jpg.rf.a244e3465aa06ff4554f517999589dbb.jpg,290.0660,3.4475,0
9999973_00000_d_0000108_jpg.rf.8639b5d42f9eb0395a46024844611413.jpg,289.3510,3.4560,0
9999973_00000_d_0000109_jpg.rf.60f59a1b47626f6da3ca28f793fa5ccc.jpg,289.5390,3.4538,0
9999973_00000_d_0000110_jpg.rf.b675ff331a36d4dc2aedb4b6bda6bc51.jpg,288.4890,3.4663,0
9999973_00000_d_0000111_jpg.rf.f460c3bf549fb30e39846706fe09a60b.jpg,290.5380,3.4419,0
9999973_00000_d_0000112_jpg.rf.f8a39de942706f73e804d9d93fce453b.jpg,289.4380,3.4550,0
9999973_00000_d_0000113_jpg.rf.62dc0bac7017da87c52e5a8963f24e08.jpg,289.3290,3.4563,3
9999973_00000_d_0000114_jpg.rf.859380da22985edb866bb4ffc5bfad1d.jpg,289.6330,3.4526,0
9999973_00000_d_0000116_jpg.rf.ec0fb3515a50cc1866500fedb53c3ea7.jpg,289.1900,3.4579,0
9999973_00000_d_0000117_jpg.rf.6c2426df0bc01d146ceb63649a95223a.jpg,289.6230,3.4528,0
9999973_00000_d_0000118_jpg.rf.549ba3ca15f5cdd3b819a768b6c5cd5c.jpg,289.8270,3.4503,0
9999973_00000_d_0000120_jpg.rf.22c9eb39636ad3ef5440f0eb397a1fa6.jpg,290.8010,3.4388,0
9999973_00000_d_0000121_jpg.rf.3e4ce0dffc29bd245e8231fb651f0426.jpg,289.4030,3.4554,0
9999973_00000_d_0000122_jpg.rf.15e471606f99d5344e1dcbbc699b969d.jpg,289.4800,3.4545,0
9999973_00000_d_0000123_jpg.rf.80ba446866e99496eb83dff7dc69da84.jpg,290.0940,3.4472,0
9999973_00000_d_0000124_jpg.rf.510a209fc222923f415f4742d0858564.jpg,289.7510,3.4512,0
9999973_00000_d_0000125_jpg.rf.4c1cf52a8fec4f466d55aed4c988c6c8.jpg,289.7870,3.4508,0
9999973_00000_d_0000126_jpg.rf.ee0b363341e108b382086dbfdc6f7a08.jpg,293.1370,3.4114,1
9999973_00000_d_0000127_jpg.rf.7f2732ae5dc32f83b2786f3edbc84fa2.jpg,290.0210,3.4480,0
9999973_00000_d_0000128_jpg.rf.377f801460c539e7aefd624d09011df6.jpg,289.8920,3.4496,0
9999973_00000_d_0000129_jpg.rf.3ff2222e0d2722b0f07241fb082fabaa.jpg,289.3600,3.4559,0
9999973_00000_d_0000131_jpg.rf.9f081b8275af4dd83a7ecb3a719a2538.jpg,290.2060,3.4458,0
9999973_00000_d_0000132_jpg.rf.ed3d4d12cefe2f3cf12201622a37867b.jpg,289.2780,3.4569,0
9999973_00000_d_0000133_jpg.rf.8833c10b908ae103b6b6d224e6b791a2.jpg,289.3930,3.4555,0
9999973_00000_d_0000134_jpg.rf.94e6b8c75f03d38abd12d94626f2c778.jpg,290.4380,3.4431,0
9999973_00000_d_0000135_jpg.rf.acab7ab71c3af4db7b9d777412df8d6c.jpg,289.6920,3.4519,1
9999973_00000_d_0000136_jpg.rf.4621f4767b755de92d05656ff292472a.jpg,289.3610,3.4559,0
9999973_00000_d_0000137_jpg.rf.d6ba178bc91104d882c96befc7ccef71.jpg,289.2570,3.4571,0
9999973_00000_d_0000138_jpg.rf.d436c4ff9df9f2fac536672d208ea360.jpg,289.3270,3.4563,0
9999973_00000_d_0000139_jpg.rf.7b6c1ff67c06ee5e939ea54d4cdb928a.jpg,289.0740,3.4593,0
9999973_00000_d_0000140_jpg.rf.9c65e899a7a098847feb6609113c779a.jpg,288.8810,3.4616,0
9999973_00000_d_0000141_jpg.rf.edcf71456091832d75396333cb5f9793.jpg,289.3640,3.4559,0
9999973_00000_d_0000142_jpg.rf.ece00ef2837e1ca7f0f217fef1d65456.jpg,288.8460,3.4621,0
9999973_00000_d_0000145_jpg.rf.a1549cf5ea1a3e847d7d0d15b696fc01.jpg,289.2970,3.4567,0
9999973_00000_d_0000147_jpg.rf.148a811fde7e889fec7c0b5eca5d7b16.jpg,289.3270,3.4563,0
9999973_00000_d_0000148_jpg.rf.8cfeaa349ab986230696037b5f94f69d.jpg,289.9810,3.4485,0
9999973_00000_d_0000149_jpg.rf.61d9d40daf4ebfe00accb3d9136e5eb3.jpg,288.7580,3.4631,0
9999973_00000_d_0000150_jpg.rf.ee9d33846bb47678aa993cf60ab5400a.jpg,288.7900,3.4627,0
9999976_00000_d_0000001_jpg.rf.de54e69654c089d927856cf96dac6c1f.jpg,290.5880,3.4413,1
9999976_00000_d_0000002_jpg.rf.7d503de55f1db1a3124c46e4ee3be998.jpg,289.6140,3.4529,0
9999976_00000_d_0000003_jpg.rf.bd3db604f649c452acc2d8979663a545.jpg,289.6610,3.4523,0
9999976_00000_d_0000004_jpg.rf.e904b558495868e5689b4070f1ab1fd4.jpg,290.2060,3.4458,0
9999976_00000_d_0000005_jpg.rf.b8e006f43a2b8e167e758e1f14c434a2.jpg,289.2030,3.4578,0
9999976_00000_d_0000006_jpg.rf.8adf47518a572a93b1bf31f1c9fa6030.jpg,289.5060,3.4542,0
9999976_00000_d_0000007_jpg.rf.f676888deba460d6c692de46a7f82818.jpg,289.8020,3.4506,0
9999976_00000_d_0000008_jpg.rf.f8d1419a54b578d725c029132b2b2768.jpg,290.7480,3.4394,2
9999976_00000_d_0000009_jpg.rf.775087d0baffd248f341805aa2c0ba01.jpg,289.8280,3.4503,0
9999976_00000_d_0000010_jpg.rf.cea02b7ecb13ea4740cb6f53a73617e4.jpg,289.6000,3.4530,0
9999976_00000_d_0000011_jpg.rf.b8cf00d3fbed90c9489b7d56ee0765ef.jpg,290.6490,3.4406,0
9999976_00000_d_0000012_jpg.rf.c33d3cf596359b6437bedabbb3c71f7f.jpg,289.7190,3.4516,0
9999976_00000_d_0000013_jpg.rf.dba706d54976acad20c054b4b1da98b1.jpg,289.6250,3.4527,0
9999976_00000_d_0000014_jpg.rf.f5ea7f81e6051670e19fe0cf59eb4f50.jpg,291.0300,3.4361,0
9999976_00000_d_0000015_jpg.rf.98b7204c3db6cdb2ae6ed9fc3c977204.jpg,289.7860,3.4508,0
9999976_00000_d_0000016_jpg.rf.8ac573f9eb898250f9187ef1a3e3a593.jpg,289.8110,3.4505,0
9999976_00000_d_0000017_jpg.rf.2a23798e01d7089dc39206f6140f2c36.jpg,289.6580,3.4523,0
9999976_00000_d_0000018_jpg.rf.301b273ec2bac88339f93b76432d51de.jpg,289.5440,3.4537,1
9999976_00000_d_0000019_jpg.rf.ec30034142d4c98f54cc03317ee5e2cc.jpg,289.5700,3.4534,0
9999976_00000_d_0000020_jpg.rf.b47d255bd65a33b9afa301e586dbf6fd.jpg,289.4090,3.4553,0
9999976_00000_d_0000021_jpg.rf.935c4084921582699728e4bc082f0938.jpg,290.6060,3.4411,0
9999976_00000_d_0000022_jpg.rf.6dd66c4cbe2b952d314b8b772ef82fcf.jpg,289.2200,3.4576,0
9999976_00000_d_0000023_jpg.rf.cbce1debe935633dbd8387e4d21caa67.jpg,289.1710,3.4582,1
9999976_00000_d_0000024_jpg.rf.600ba322e8ae4e5046f97993d87dfe13.jpg,289.3240,3.4563,0
9999976_00000_d_0000025_jpg.rf.2eea641a1319bd3856519c3acdc42d2a.jpg,290.7470,3.4394,0
9999976_00000_d_0000026_jpg.rf.9dc3cd67dd72ba06363e28a5c0b95f87.jpg,290.0030,3.4482,0
9999976_00000_d_0000028_jpg.rf.f65b7114b17fc928a9c68dabe9e6fa72.jpg,289.6510,3.4524,0
9999976_00000_d_0000029_jpg.rf.dd40039ef3343706de5260734943a3d0.jpg,289.9560,3.4488,0
9999976_00000_d_0000030_jpg.rf.8792bb92819a532d35dbbdda1737823d.jpg,288.8620,3.4619,3
9999976_00000_d_0000031_jpg.rf.d590395a6d44a365146586cedd568f70.jpg,289.0590,3.4595,1
9999976_00000_d_0000032_jpg.rf.be8c36f3c585e5a43b1a10873c51f12f.jpg,290.9320,3.4372,4
9999976_00000_d_0000033_jpg.rf.42da4cac3d03368b82bc4e9b2322ea79.jpg,289.8660,3.4499,2
9999976_00000_d_0000034_jpg.rf.99e557e32c0583d2d6a19e20cd455eef.jpg,289.4530,3.4548,2
9999979_00000_d_0000001_jpg.rf.7e40da4fc702521eb7df1d398fd60e82.jpg,289.3550,3.4560,0
9999979_00000_d_0000002_jpg.rf.1b7a778af4a409c8915db004c78b1f9f.jpg,290.5040,3.4423,3
9999979_00000_d_0000003_jpg.rf.aa444062dfcdadc1b774f1ef536dc5c7.jpg,290.3650,3.4439,3
9999979_00000_d_0000004_jpg.rf.fba529ffa12f51d0bc0440efbc057fd3.jpg,289.5020,3.4542,0
9999979_00000_d_0000005_jpg.rf.5d8892f20fa0477e7c45870e5c882711.jpg,290.7630,3.4392,2
9999979_00000_d_0000006_jpg.rf.4bf7cf075b43cdf9dfc84496b64da304.jpg,288.7840,3.4628,2
9999979_00000_d_0000007_jpg.rf.9eadccb1c14c5978855ccf4b543d3d92.jpg,289.6350,3.4526,0
9999979_00000_d_0000008_jpg.rf.6adc7f8abb41ef7c2b126c05b0ebdc17.jpg,289.6350,3.4526,0
9999979_00000_d_0000009_jpg.rf.a37069ccea91dc308333a806068d374b.jpg,290.0160,3.4481,0
9999979_00000_d_0000010_jpg.rf.954cc29d9771be67f9d5518f1a8bb00b.jpg,289.1370,3.4586,0
9999979_00000_d_0000011_jpg.rf.c7b79f50b0d3d4bdeee25d5fed7e8973.jpg,288.5550,3.4655,0
9999979_00000_d_0000012_jpg.rf.856fa0c5807e95605bb90ff1476806e5.jpg,290.3700,3.4439,0
9999979_00000_d_0000013_jpg.rf.06db97195b187f044caa22d59c05844e.jpg,289.6700,3.4522,4
9999979_00000_d_0000014_jpg.rf.10c58b237c1e5876a5d41d4fe095e8dc.jpg,289.2520,3.4572,0
9999979_00000_d_0000015_jpg.rf.59574a0819cbb797c111858e9dfa68be.jpg,290.5480,3.4418,0
9999979_00000_d_0000016_jpg.rf.00c411f5e78ab3712e1345c93f8ed271.jpg,289.9340,3.4491,17
9999979_00000_d_0000017_jpg.rf.5bd38d58c338a275ab3dca2de329b637.jpg,289.8510,3.4500,16
9999979_00000_d_0000018_jpg.rf.1f8b60264ba490c703619b1568c7dc4a.jpg,290.0370,3.4478,0
9999979_00000_d_0000019_jpg.rf.e7ee0b906ec844dd6fa09500ff6f7373.jpg,290.7010,3.4400,25
9999979_00000_d_0000021_jpg.rf.da1f5e15656bc52dabaa45034f1b3a18.jpg,290.6170,3.4410,0
9999979_00000_d_0000022_jpg.rf.1650a3bc70c2cd6066d9db9e9f179cab.jpg,289.4090,3.4553,0
9999979_00000_d_0000023_jpg.rf.980ff303772317a444a93377cbdbe8db.jpg,290.3140,3.4445,5
9999979_00000_d_0000024_jpg.rf.d7889c4c221fbb9f3ab192ada763099b.jpg,288.8350,3.4622,0
9999979_00000_d_0000025_jpg.rf.1d7958a251dfa13452df090629ab9c81.jpg,289.0940,3.4591,7
9999979_00000_d_0000026_jpg.rf.a4d8dd628f2e66721c45d78b704e6287.jpg,290.4810,3.4426,1
9999979_00000_d_0000027_jpg.rf.5dbc4eee6da7657dda3b4b42ab5ff1f7.jpg,291.9500,3.4252,0
9999979_00000_d_0000028_jpg.rf.495e20567e1e2f0de8cc4b0a96f40dae.jpg,290.0620,3.4475,0
9999979_00000_d_0000029_jpg.rf.b0612d6253d2100c0bf7ff2a7decd3d3.jpg,290.0150,3.4481,18
9999979_00000_d_0000030_jpg.rf.a982bdf112611481c0d6a4ff678f20dc.jpg,291.0420,3.4359,9
9999979_00000_d_0000031_jpg.rf.dc5ab2c6507e6d3e7a8a1cb50b28e5aa.jpg,290.2070,3.4458,0
9999979_00000_d_0000032_jpg.rf.f8073d702a0d63cedc671708f2f3f6e9.jpg,290.2360,3.4455,0
9999979_00000_d_0000033_jpg.rf.0bd1ef0aff5c1edb99ec02e8a02da233.jpg,290.9500,3.4370,3
9999979_00000_d_0000034_jpg.rf.0360b6666906181575fa3b15e0fd7610.jpg,290.4720,3.4427,1
9999979_00000_d_0000035_jpg.rf.404defe4a3288642a80f5672b459afc7.jpg,290.4630,3.4428,0
9999979_00000_d_0000036_jpg.rf.83b05f0c933635b03311d61afbc397ba.jpg,289.2180,3.4576,2
9999979_00000_d_0000037_jpg.rf.2089223f81f22f8d0066076f2825e4bc.jpg,289.9310,3.4491,7
9999979_00000_d_0000038_jpg.rf.d2168678cb64fbc3bd0dabdf0c2b58cb.jpg,289.6030,3.4530,0
9999979_00000_d_0000039_jpg.rf.3d79e36b163513e32f87ebf5b6b2bf23.jpg,289.5950,3.4531,2
9999979_00000_d_0000040_jpg.rf.8a05642d8291379a3edf7ae8bb333182.jpg,292.7270,3.4162,1
9999979_00000_d_0000041_jpg.rf.f66f11cba8f0b0061bed1f7ebbb12694.jpg,289.1920,3.4579,0
9999979_00000_d_0000042_jpg.rf.68296d5303c3d08a89397e34d6276e2f.jpg,289.3930,3.4555,1
9999979_00000_d_0000043_jpg.rf.ccdfcf8301afc4425676053cc02118fc.jpg,291.5120,3.4304,3
9999979_00000_d_0000044_jpg.rf.448ce1edf9816d939c213cd191b8012d.jpg,289.7800,3.4509,5
9999979_00000_d_0000045_jpg.rf.ef355ebb3b53a34ebe7e2fed95585f16.jpg,289.7160,3.4517,5
9999979_00000_d_0000046_jpg.rf.38dd5a4052524942a86b9bf4d05c3cff.jpg,289.4090,3.4553,0
9999979_00000_d_0000047_jpg.rf.435f156e3fe2a8e1fcd96d295300c075.jpg,290.3840,3.4437,20
9999979_00000_d_0000048_jpg.rf.f102ed007a9f526db952b9d8b3643cac.jpg,289.0300,3.4598,1
9999979_00000_d_0000049_jpg.rf.705894ea73bf18288abeb27632ef0b45.jpg,289.4820,3.4544,0
9999979_00000_d_0000050_jpg.rf.08da37aebf08d76e072c9b37237e5d73.jpg,290.0430,3.4478,0
9999979_00000_d_0000051_jpg.rf.6d3fb509382d38f9e1bf01c10b400c63.jpg,289.7510,3.4512,0
9999979_00000_d_0000052_jpg.rf.4de3bca7af9c58959a7cf1bce5060d12.jpg,289.6050,3.4530,3
9999979_00000_d_0000053_jpg.rf.d352ff826ff263c144a53b4ea7461f25.jpg,289.5470,3.4537,0
9999980_00000_d_0000001_jpg.rf.fb81935e2728c7125d414d98c1a5928b.jpg,292.3180,3.4209,0
9999980_00000_d_0000002_jpg.rf.f1333057d219b8cfad6e92d5c88a57a1.jpg,289.3820,3.4556,6
9999980_00000_d_0000003_jpg.rf.256d08bee6cbf8c18a19c530cb796510.jpg,288.9600,3.4607,12
9999980_00000_d_0000005_jpg.rf.06a092c6df895d77309d109e80667fd7.jpg,290.6730,3.4403,4
9999986_00000_d_0000001_jpg.rf.fbaccb869974b6565c5968fe282be572.jpg,290.8680,3.4380,9
9999986_00000_d_0000002_jpg.rf.a2c474984dd1a92c2d6fe67a8933812a.jpg,289.6730,3.4522,1
9999986_00000_d_0000003_jpg.rf.cfb81a59153f98a1997c8be24eba07b9.jpg,290.1890,3.4460,3
9999986_00000_d_0000004_jpg.rf.62f7c42e9853f8206277f5a75651304f.jpg,289.5830,3.4532,3
9999986_00000_d_0000005_jpg.rf.374ca1985efdae7935bd481b158d2892.jpg,289.4770,3.4545,7
9999986_00000_d_0000006_jpg.rf.2899b0f9913d52247405d135d1f9b0c0.jpg,289.1440,3.4585,1
9999986_00000_d_0000007_jpg.rf.dd7554ec58487d268e63f06fad302832.jpg,290.0880,3.4472,12
9999986_00000_d_0000008_jpg.rf.b620ff444e8396ca4b530e3dc92e50b4.jpg,289.8160,3.4505,9
9999986_00000_d_0000009_jpg.rf.7251f81bf6c773857ad46e13b9653126.jpg,289.5550,3.4536,8
9999986_00000_d_0000010_jpg.rf.485219e30236698dee18b93d9f64c26d.jpg,290.9590,3.4369,7
9999986_00000_d_0000011_jpg.rf.a234ce42db09202174c72220b0ddd69c.jpg,289.3140,3.4565,6
9999986_00000_d_0000012_jpg.rf.b1a53a79e88d27a98a6a6dce2ccef266.jpg,289.6690,3.4522,4
9999986_00000_d_0000013_jpg.rf.8e53e431e77971dfcd575e79cfb0716d.jpg,289.5230,3.4540,6
9999986_00000_d_0000014_jpg.rf.e4010845fe67f4231e1ad2faa9af167b.jpg,290.3130,3.4446,0
9999986_00000_d_0000015_jpg.rf.1c311977c496e4d903984c3fac6ea097.jpg,289.3780,3.4557,2
9999986_00000_d_0000016_jpg.rf.477307e32b29d81b924519c4d2e52bb7.jpg,289.7010,3.4518,2
9999986_00000_d_0000017_jpg.rf.0e4c6ab46d6c4e7b40fa9d5535c590d3.jpg,291.6770,3.4284,4
9999986_00000_d_0000018_jpg.rf.9e2f1b1bc15aac2e63150ee1d02dfdd0.jpg,289.1910,3.4579,3
9999986_00000_d_0000019_jpg.rf.a19f7031d2df1017bc8fa45be96daba3.jpg,290.3880,3.4437,9
9999986_00000_d_0000020_jpg.rf.5f71a2c43de6412e4ad061510d03e5a2.jpg,290.2280,3.4456,2
9999986_00000_d_0000021_jpg.rf.a500fc806cfeb66bec15ba879a1e32c2.jpg,288.8230,3.4623,2
9999986_00000_d_0000022_jpg.rf.66916a4a9bc89abeb23e63804db8943b.jpg,289.7100,3.4517,0
9999986_00000_d_0000023_jpg.rf.0d22af01168bd50310294aeb26b6c957.jpg,288.5530,3.4656,4
9999986_00000_d_0000024_jpg.rf.4376d7eba208f3f300d12e6b326a2d5d.jpg,290.4570,3.4429,2
9999986_00000_d_0000025_jpg.rf.6187521d46b52090b2cc7fd53a8abe9b.jpg,289.2520,3.4572,6
9999986_00000_d_0000026_jpg.rf.d513addaab0f8606cce22e3c6f4af9c4.jpg,289.7560,3.4512,4
9999986_00000_d_0000027_jpg.rf.8f9705cb1028d6a58c2ede902147d02b.jpg,290.6440,3.4406,0
9999986_00000_d_0000028_jpg.rf.68b65df1d58300140babbc5d6e594fc2.jpg,289.3440,3.4561,1
9999986_00000_d_0000029_jpg.rf.0729835be508c165e1af1244e92b021e.jpg,289.7620,3.4511,2
9999986_00000_d_0000030_jpg.rf.226fb206470e0085eceee8241fbeb912.jpg,289.6540,3.4524,5
9999986_00000_d_0000032_jpg.rf.9e7bdfdbbe334c8d534d0ee61e633e6b.jpg,289.3930,3.4555,6
9999986_00000_d_0000033_jpg.rf.6cf2caf8ce80684d44fcc15b63ceca98.jpg,289.3410,3.4561,1
9999986_00000_d_0000034_jpg.rf.1cf3bfb8428d840955e67b8dd1025496.jpg,289.2150,3.4576,0
9999986_00000_d_0000035_jpg.rf.9d0e180996c7d58a6f8b5b9834fed50d.jpg,290.7750,3.4391,1
9999986_00000_d_0000036_jpg.rf.b59936e3fe3738e16bb4f2c2ab250f1a.jpg,289.5660,3.4534,3
9999986_00000_d_0000037_jpg.rf.fcc5009bb49853d57dbe1b2b75c2fc0d.jpg,289.3720,3.4558,2
9999986_00000_d_0000038_jpg.rf.1c69db86c71000d410a9434127d982f6.jpg,290.4730,3.4427,1
9999986_00000_d_0000039_jpg.rf.99faefcc934acdf68f9874f123aee1bc.jpg,289.3880,3.4556,2
9999986_00000_d_0000040_jpg.rf.444db4095aa120de1668108a326ccd0a.jpg,289.3570,3.4559,0
9999986_00000_d_0000041_jpg.rf.442c1f9d82ca9fc18c9a93faaf925653.jpg,289.2770,3.4569,0
9999986_00000_d_0000042_jpg.rf.0b095cc75d5fbfc153d2923a1211255b.jpg,290.5610,3.4416,3
9999986_00000_d_0000043_jpg.rf.036367745961eea6b6fd50c14a39a155.jpg,289.9020,3.4494,6
9999986_00000_d_0000044_jpg.rf.08e2be5047983bc85c1422d0c697d7b6.jpg,290.0330,3.4479,7
9999986_00000_d_0000045_jpg.rf.634c4cbea5448d03dadc8d86f2bdc640.jpg,291.1660,3.4345,1
9999986_00000_d_0000046_jpg.rf.86e4c689bea62dac8730430c1f57f7f6.jpg,289.8850,3.4496,4
9999986_00000_d_0000047_jpg.rf.bdcf0ba440f26f60e43fdc5f5bbc4765.jpg,290.3550,3.4441,5
9999986_00000_d_0000048_jpg.rf.0a4dc6447548b8f15863adff628e762c.jpg,289.9360,3.4490,2
9999986_00000_d_0000049_jpg.rf.e8b311e047264a2b9f1992d1e5b6a526.jpg,290.9790,3.4367,3
9999986_00000_d_0000050_jpg.rf.44c6bad7d6a358f583561609ff3a5ec8.jpg,290.2450,3.4454,2
9999986_00000_d_0000051_jpg.rf.4dc59ef8ac202c2360aaaa4d8b287b80.jpg,289.9990,3.4483,0
9999986_00000_d_0000052_jpg.rf.fcef6b071fe9150604760527cf5806ba.jpg,290.9750,3.4367,0
9999986_00000_d_0000053_jpg.rf.6052abf59dc7b43f0fa560631b8062bd.jpg,290.0230,3.4480,2
9999986_00000_d_0000054_jpg.rf.5556f3f635e9947364e69f84e5a4c892.jpg,290.3450,3.4442,2
9999986_00000_d_0000055_jpg.rf.d7024816e247fb2749076570268fc417.jpg,291.1250,3.4350,6
9999986_00000_d_0000056_jpg.rf.df8ce0abfd999feca30e48c1756a747e.jpg,291.2480,3.4335,9
9999986_00000_d_0000057_jpg.rf.025c8e6f704d4cdc89393cc8f9b98c83.jpg,290.1760,3.4462,2
9999986_00000_d_0000058_jpg.rf.ad4a056ba1635a74569aab49bc6fb0b3.jpg,289.6950,3.4519,9
9999993_00000_d_0000001_jpg.rf.20a9dcd7989d3d8dc4153fb27874269c.jpg,291.2650,3.4333,2
9999993_00000_d_0000002_jpg.rf.1407ee7bf4bb0f3eddde521236216b8a.jpg,290.1890,3.4460,4
9999993_00000_d_0000003_jpg.rf.6f07beb085749d41e81e15a5a7ea4b47.jpg,290.7360,3.4395,0
9999993_00000_d_0000004_jpg.rf.58ecd6bdf176fd00dc0891ab750698ee.jpg,291.2720,3.4332,1
9999993_00000_d_0000005_jpg.rf.5a75a9454acd63b3eaab50e8594799fb.jpg,290.2290,3.4456,1
9999993_00000_d_0000006_jpg.rf.d49869eedaa1c6cdc310fe7474d5041a.jpg,290.1790,3.4461,2
9999993_00000_d_0000007_jpg.rf.cce1c90baf02223ba997f179de8a913f.jpg,290.3410,3.4442,1
9999993_00000_d_0000008_jpg.rf.45f51502350416a8849ade435d6eb17e.jpg,291.4540,3.4311,0
9999993_00000_d_0000009_jpg.rf.1d285be189592fe5c74002ddb5385b41.jpg,290.4630,3.4428,0
9999993_00000_d_0000010_jpg.rf.5bdc93db9024751a7810ba67cb933cc6.jpg,290.2520,3.4453,0
9999993_00000_d_0000011_jpg.rf.e27a58c1c21aaca0698e2e6179067e0a.jpg,291.8060,3.4269,1
9999993_00000_d_0000012_jpg.rf.9e4fba17d9ec87e933ef352fc01a7576.jpg,290.0090,3.4482,0
9999993_00000_d_0000013_jpg.rf.49c0ca0706e78da9c4935bc0431a7da8.jpg,290.5640,3.4416,2
9999993_00000_d_0000014_jpg.rf.44f421acda5ba7acadd49eb0e00c67a6.jpg,290.5140,3.4422,13
9999993_00000_d_0000015_jpg.rf.286a2660593d0ccc4666e9d2359cca47.jpg,289.8430,3.4501,5
9999993_00000_d_0000016_jpg.rf.3bc51c681387286690383b14a639836e.jpg,289.5880,3.4532,2
9999993_00000_d_0000017_jpg.rf.17016a0f6e3f81fd3fc1c691fc6ee0aa.jpg,290.3310,3.4443,5
9999993_00000_d_0000018_jpg.rf.170b5832f25429f70d2afadc6c2bccab.jpg,291.5950,3.4294,1
9999993_00000_d_0000019_jpg.rf.930878fc56c7bdfe2668299efe8c6743.jpg,289.9990,3.4483,3
9999993_00000_d_0000020_jpg.rf.65c6eb42e0a32f1a7c8ca1a3d6182a15.jpg,290.0470,3.4477,0
9999993_00000_d_0000021_jpg.rf.3bb9f77f9e84d4ab1d292c3004a835ef.jpg,291.2820,3.4331,1
9999993_00000_d_0000022_jpg.rf.db0682249ee647998381edcacd1fe723.jpg,290.0060,3.4482,2
9999993_00000_d_0000023_jpg.rf.8a0232dd0e2f97f1984dcf76967aae7a.jpg,290.1760,3.4462,0
9999993_00000_d_0000024_jpg.rf.8f9272c8a5865d12a2e76b36c006658c.jpg,290.7570,3.4393,4
9999996_00000_d_0000001_jpg.rf.1de2db2b943dab02a5648a1f3f50b587.jpg,289.8750,3.4498,0
9999996_00000_d_0000004_jpg.rf.54bcad1d99786b9a0f385f2240787673.jpg,289.2220,3.4576,0
9999996_00000_d_0000005_jpg.rf.0712e699618df3458e725e1d6df8f835.jpg,289.1580,3.4583,2
9999996_00000_d_0000006_jpg.rf.cd13a1f9161b9e0acd1e0f9e526d4314.jpg,290.1710,3.4462,2
9999996_00000_d_0000007_jpg.rf.1145375079e6d752d3c31a131f2ee703.jpg,289.1120,3.4589,1
9999996_00000_d_0000008_jpg.rf.32eec1a9051b5d7c021c3920e5902891.jpg,289.2300,3.4575,0
9999996_00000_d_0000009_jpg.rf.2ef8e187115ee2b2c49ec329f8678838.jpg,290.5630,3.4416,0
9999996_00000_d_0000012_jpg.rf.34893fd0c399f1b2bf365f17bf48e936.jpg,289.1780,3.4581,1
9999996_00000_d_0000014_jpg.rf.ca2be35e3696b822db3ae6f59d0d48b9.jpg,291.4590,3.4310,3
9999996_00000_d_0000015_jpg.rf.7600f4aace38550c85a1077dc2b3113e.jpg,289.4240,3.4551,1
9999996_00000_d_0000016_jpg.rf.3b7635a51054ba63450a564ba44ad545.jpg,292.2440,3.4218,1
9999996_00000_d_0000018_jpg.rf.3a17bed4dae676249b1466e3c59e2a8d.jpg,288.7190,3.4636,2
9999996_00000_d_0000020_jpg.rf.5b13ee3c70cb096f9b5ccfab9131fd26.jpg,289.2160,3.4576,0
9999996_00000_d_0000021_jpg.rf.6f4cb6afe0439613cc9dbbc3639a5ed0.jpg,291.5670,3.4297,2
9999996_00000_d_0000022_jpg.rf.c330bfb2701e75b64436d236b84c5846.jpg,289.6420,3.4525,2
9999996_00000_d_0000023_jpg.rf.f364b5d6c314d763c415f541926e2022.jpg,289.7750,3.4510,0
9999996_00000_d_0000024_jpg.rf.21f82685456092db82ff9a6bbe944468.jpg,291.0720,3.4356,0
9999996_00000_d_0000025_jpg.rf.c4d70709672859164495a33fca78601d.jpg,289.9370,3.4490,0
9999996_00000_d_0000026_jpg.rf.1993d7e078bf68440b400651e3af1ca8.jpg,289.6300,3.4527,0
9999996_00000_d_0000027_jpg.rf.7e5774ef178595a83bb3be8bc75ca3c2.jpg,289.2080,3.4577,0
9999996_00000_d_0000028_jpg.rf.fd446a8c59c5e53bb98f1ef0c722ec62.jpg,290.6170,3.4410,1
9999996_00000_d_0000029_jpg.rf.ef8e63b9a7e57e9d72d2626c52bee6cc.jpg,289.5780,3.4533,0
